CustomerID,Recency,Frequency,Monetary,AvgOrderValue,UniqueProducts,PurchaseSpanDays,WillReturn,AvgDaysBetweenOrders,PurchaseVelocity,IsOneTimeCustomer,MonetaryTrend,MonetaryTrendUnknown
12346,254,1,77183.6,77183.6,1,0,0,0.0,0.0,1,0.0,0
12347,58,5,2790.86,558.172,82,237,1,58.75,0.2,0,0.4926885560740578,0
12348,4,4,1797.24,449.31,22,282,0,94.0,0.25,0,0.2767264157680497,0
12350,239,1,334.4,334.4,17,0,0,0.0,0.0,1,0.0,0
12352,1,7,2194.31,313.47285714285715,47,224,1,37.166666666666664,0.2857142857142857,0,0.40497883865515,0
12353,133,1,89.0,89.0,4,0,0,0.0,0.0,1,1.0,1
12354,161,1,1079.4,1079.4,58,0,0,0.0,0.0,1,1.0,1
12355,143,1,459.4,459.4,13,0,0,0.0,0.0,1,1.0,1
12356,174,2,2753.08,1376.54,53,80,1,80.0,0.0,0,0.0,0
12358,79,1,484.86,484.86,12,0,1,0.0,1.0,1,1.0,1
12359,118,3,3495.73,1165.243333333333,135,141,1,70.5,0.0,0,0.0,0
12360,41,2,1618.28,809.14,63,88,1,88.0,0.5,0,1.0,1
12361,216,1,189.9,189.9,10,0,0,0.0,0.0,1,0.0,0
12362,1,5,2577.34,515.4680000000001,121,223,1,55.25,0.6,0,3.3458568148611985,0
12363,38,2,552.0,276.0,23,132,0,132.0,0.5,0,1.0,1
12364,7,2,703.72,351.85999999999996,34,34,1,34.0,1.0,0,1.0,1
12365,220,2,641.38,320.69,22,0,0,0.0,0.0,0,0.0,0
12370,203,3,2806.41,935.4699999999999,125,85,1,42.5,0.0,0,0.0,0
12372,0,3,1298.04,432.68,34,224,0,112.0,0.3333333333333333,0,0.9596713591503433,0
12373,240,1,364.6,364.6,14,0,0,0.0,0.0,1,0.0,0
12375,27,1,230.3,230.3,11,0,1,0.0,1.0,1,1.0,1
12377,244,2,1628.12,814.06,72,39,0,39.0,0.0,0,0.0,0
12378,58,1,4008.62,4008.62,219,0,0,0.0,1.0,1,1.0,1
12379,10,2,852.24,426.12,39,88,0,88.0,0.5,0,1.0,1
12380,7,2,1233.56,616.78,52,107,1,107.0,0.5,0,1.0,1
12381,48,1,1268.74,1268.74,62,0,1,0.0,1.0,1,1.0,1
12383,113,5,1850.56,370.11199999999997,84,167,0,41.25,0.0,0,0.0,0
12384,50,1,292.69,292.69,14,0,1,0.0,1.0,1,1.0,1
12386,266,2,401.9,200.95,10,29,0,29.0,0.0,0,0.0,0
12388,4,5,2494.26,498.85200000000003,56,251,1,62.25,0.4,0,2.255151712887438,0
12390,8,1,549.84,549.84,32,0,0,0.0,1.0,1,1.0,1
12393,1,4,1582.6000000000001,395.65,47,260,0,86.33333333333333,0.25,0,0.815480844409695,0
12394,146,1,381.08,381.08,21,0,1,0.0,0.0,1,1.0,1
12395,41,8,1899.57,237.44625,65,258,1,36.42857142857143,0.25,0,0.26645286890211883,0
12397,64,1,1214.81,1214.81,70,0,1,0.0,1.0,1,1.0,1
12399,48,4,1108.65,277.1625,47,142,0,47.333333333333336,0.25,0,0.7277208817913559,0
12401,232,1,84.3,84.3,5,0,0,0.0,0.0,1,0.0,0
12402,252,1,225.6,225.6,11,0,0,0.0,0.0,1,0.0,0
12405,77,1,1710.39,1710.39,54,0,0,0.0,1.0,1,1.0,1
12406,112,1,1621.25,1621.25,48,0,1,0.0,0.0,1,1.0,1
12407,63,4,1407.3600000000001,351.84,50,130,1,42.666666666666664,0.5,0,4.027397260273973,0
12408,27,4,2134.0499999999997,533.5125,67,161,1,53.333333333333336,0.25,0,0.7668190880979955,0
12409,7,3,11072.67,3690.89,91,103,0,51.5,0.6666666666666666,0,1.0,1
12410,237,2,693.3299999999999,346.66499999999996,26,0,0,0.0,0.0,0,0.0,0
12412,3,3,1226.88,408.96000000000004,43,94,0,46.5,0.6666666666666666,0,1.0,1
12413,165,2,563.9,281.95,25,100,1,100.0,0.0,0,0.0,0
12414,146,3,562.41,187.47,16,93,0,46.0,0.0,0,0.0,0
12415,28,15,102087.88,6805.858666666666,382,238,1,16.571428571428573,0.4,0,0.7340158244355456,0
12417,35,7,2816.52,402.36,132,250,1,41.333333333333336,0.2857142857142857,0,0.8960459806007143,0
12418,41,1,668.58,668.58,34,0,0,0.0,1.0,1,1.0,1
12421,43,3,628.56,209.51999999999998,25,204,1,101.5,0.3333333333333333,0,1.4719593521752936,0
12422,24,3,803.5600000000001,267.8533333333333,39,229,0,114.0,0.3333333333333333,0,0.6192872117400419,0
12423,29,7,1650.67,235.81,86,252,1,41.5,0.14285714285714285,0,0.2558932085031958,0
12424,91,2,1760.96,880.4800000000001,30,0,0,0.0,1.0,0,1.0,1
12425,7,1,777.2,777.2,36,0,0,0.0,1.0,1,1.0,1
12426,123,1,582.73,582.73,30,0,0,0.0,0.0,1,1.0,1
12427,300,1,303.5,303.5,10,0,1,0.0,0.0,1,0.0,0
12428,49,8,7548.12,943.515,252,163,1,23.0,0.25,0,0.23010103338898782,0
12429,101,3,2844.88,948.2933333333334,62,193,1,96.0,0.0,0,0.0,0
12431,48,11,4874.57,443.14272727272726,134,254,1,25.0,0.36363636363636365,0,0.7760392171050253,0
12432,99,3,4016.66,1338.8866666666665,75,1,1,0.5,0.0,0,1.0,1
12433,20,3,6395.23,2131.7433333333333,151,282,1,140.5,0.3333333333333333,0,0.688678996176514,0
12434,13,2,806.14,403.07,46,175,0,175.0,0.5,0,1.8162096069868996,0
12435,8,2,7829.89,3914.945,31,188,0,188.0,0.5,0,0.9678084136929221,0
12436,28,1,509.01,509.01,16,0,0,0.0,1.0,1,1.0,1
12437,7,12,3034.0099999999998,252.83416666666665,66,253,1,22.545454545454547,0.25,0,0.4928759054365996,0
12438,69,1,890.0699999999999,890.0699999999999,49,0,1,0.0,1.0,1,1.0,1
12441,295,1,173.55,173.55,11,0,0,0.0,0.0,1,0.0,0
12444,14,3,3189.81,1063.27,107,85,1,42.5,0.6666666666666666,0,1.0,1
12447,172,1,476.49,476.49,26,0,0,0.0,0.0,1,1.0,1
12449,20,3,2724.58,908.1933333333333,84,95,1,47.0,0.6666666666666666,0,1.0,1
12450,85,2,197.88,98.94,7,17,0,17.0,0.5,0,1.0,1
12451,147,2,5307.82,2653.91,162,106,1,106.0,0.0,0,0.0,0
12453,63,1,707.09,707.09,43,0,0,0.0,1.0,1,1.0,1
12455,2,6,2466.86,411.1433333333334,85,223,0,44.2,0.5,0,0.2964035552416269,0
12456,60,2,2265.4,1132.7,77,123,1,123.0,0.5,0,1.0,1
12457,10,6,2166.88,361.1466666666667,53,157,1,30.8,0.5,0,1.0,1
12458,0,2,947.4,473.70000000000005,35,213,0,213.0,0.5,0,1.1438269370021723,0
12461,23,2,826.88,413.44,35,60,0,60.0,1.0,0,1.0,1
12462,232,1,762.11,762.11,40,0,1,0.0,0.0,1,0.0,0
12463,104,3,985.79,328.59666666666664,51,66,1,32.5,0.0,0,1.0,1
12464,35,6,780.55,130.09166666666667,6,203,1,40.2,0.3333333333333333,0,0.647794420777793,0
12465,98,1,440.94,440.94,26,0,1,0.0,0.0,1,1.0,1
12468,116,2,729.5400000000001,364.77000000000004,36,128,0,128.0,0.0,0,0.0,0
12471,7,21,11780.16,560.96,116,286,1,14.05,0.38095238095238093,0,0.49443496842219115,0
12472,67,5,4927.6,985.5200000000001,180,230,1,57.25,0.2,0,0.2007648810695215,0
12473,43,2,1186.25,593.125,60,77,1,77.0,0.5,0,1.0,1
12474,27,13,4362.06,335.5430769230769,153,231,1,18.666666666666668,0.23076923076923078,0,0.6001486379129187,0
12476,13,7,3725.27,532.1814285714286,96,276,1,45.666666666666664,0.2857142857142857,0,1.772523988203204,0
12477,29,3,8834.03,2944.6766666666663,156,200,1,100.0,0.3333333333333333,0,1.8069398756340325,0
12480,72,3,2144.95,714.9833333333332,97,192,1,96.0,0.3333333333333333,0,0.3513453917732964,0
12481,108,8,4101.76,512.72,112,186,1,26.285714285714285,0.0,0,0.0,0
12483,27,6,1624.06,270.6766666666667,38,240,1,47.4,0.16666666666666666,0,0.5651435459127766,0
12484,29,4,3663.15,915.7875,222,235,1,78.0,0.5,0,1.2176398781034012,0
12488,4,1,553.39,553.39,21,0,1,0.0,1.0,1,1.0,1
12489,265,1,334.93,334.93,15,0,0,0.0,0.0,1,0.0,0
12490,22,6,3552.59,592.0983333333334,102,236,1,47.0,0.5,0,2.1670523709240705,0
12492,34,1,126.39000000000001,126.39000000000001,9,0,1,0.0,1.0,1,1.0,1
12493,94,2,433.74,216.87,20,31,0,31.0,0.0,0,1.0,1
12494,90,5,868.86,173.772,42,204,1,50.25,0.2,0,0.4902255639097744,0
12497,10,1,1043.1,1043.1,14,0,0,0.0,1.0,1,1.0,1
12500,35,6,1773.8400000000001,295.64000000000004,20,227,1,45.2,0.16666666666666666,0,0.31234506693108577,0
12501,265,1,2169.39,2169.39,149,0,0,0.0,0.0,1,0.0,0
12502,24,5,3723.87,744.774,102,214,0,53.25,0.4,0,1.4251126851255635,0
12506,161,1,73.5,73.5,23,0,0,0.0,0.0,1,1.0,1
12507,63,3,1304.81,434.93666666666667,19,164,0,82.0,0.6666666666666666,0,1.9245337995337992,0
12509,213,1,176.5,176.5,7,0,0,0.0,0.0,1,0.0,0
12510,71,2,982.5699999999999,491.28499999999997,29,182,0,182.0,0.5,0,0.4427281403714851,0
12513,41,1,612.29,612.29,35,0,0,0.0,1.0,1,1.0,1
12514,196,1,1017.68,1017.68,51,0,0,0.0,0.0,1,0.0,0
12515,282,1,383.7,383.7,16,0,0,0.0,0.0,1,0.0,0
12516,6,2,1312.06,656.03,20,102,0,102.0,0.5,0,1.0,1
12517,2,3,1955.9,651.9666666666667,181,116,1,57.5,0.6666666666666666,0,1.0,1
12518,6,2,849.73,424.865,46,33,1,33.0,1.0,0,1.0,1
12520,8,5,2634.26,526.8520000000001,121,194,0,48.25,0.4,0,0.759100781224675,0
12521,71,1,599.68,599.68,38,0,0,0.0,1.0,1,1.0,1
12523,8,8,1142.13,142.76625,56,252,1,35.57142857142857,0.5,0,1.7760624169986725,0
12524,91,6,3122.48,520.4133333333333,92,171,1,33.8,0.16666666666666666,0,0.21604131014744016,0
12526,23,1,520.3,520.3,29,0,1,0.0,1.0,1,1.0,1
12527,10,3,348.71000000000004,116.23666666666668,18,243,0,121.5,0.3333333333333333,0,0.2238874069914362,0
12528,43,4,1287.37,321.8425,46,198,1,66.0,0.5,0,0.6683124692221962,0
12530,52,3,1221.65,407.2166666666667,39,213,1,106.0,0.3333333333333333,0,1.0755033557046982,0
12534,59,1,1089.18,1089.18,63,0,0,0.0,1.0,1,1.0,1
12535,20,2,716.35,358.17499999999995,28,94,0,94.0,0.5,0,1.0,1
12539,191,3,4517.69,1505.8966666666665,125,71,1,35.5,0.0,0,0.0,0
12540,6,13,10495.99,807.3838461538461,220,284,1,23.166666666666668,0.46153846153846156,0,1.1548730020561433,0
12541,102,2,536.14,268.07,27,107,1,107.0,0.0,0,0.0,0
12545,4,2,1000.39,500.195,42,184,0,184.0,0.5,0,0.5925973095598184,0
12546,6,1,760.2,760.2,45,0,1,0.0,1.0,1,1.0,1
12547,126,2,207.79999999999998,103.9,7,82,0,82.0,0.0,0,0.0,0
12548,95,1,95.19999999999999,95.19999999999999,5,0,0,0.0,0.0,1,1.0,1
12550,8,1,964.83,964.83,57,0,0,0.0,1.0,1,1.0,1
12551,286,1,168.0,168.0,10,0,0,0.0,0.0,1,0.0,0
12553,39,7,2419.59,345.6557142857143,81,219,1,36.166666666666664,0.2857142857142857,0,0.4957192586320444,0
12556,80,1,312.9,312.9,60,0,1,0.0,1.0,1,1.0,1
12557,87,4,9000.960000000001,2250.2400000000002,15,213,1,70.33333333333333,0.25,0,0.8541018658514982,0
12559,239,2,561.71,280.855,21,8,0,8.0,0.0,0,0.0,0
12560,41,2,1436.31,718.155,77,30,1,30.0,1.0,0,1.0,1
12561,231,1,238.85,238.85,16,0,0,0.0,0.0,1,0.0,0
12562,10,4,1993.8700000000001,498.4675,64,116,1,38.666666666666664,0.5,0,1.0,1
12564,190,1,456.9,456.9,21,0,0,0.0,0.0,1,0.0,0
12565,217,1,145.92,145.92,9,0,0,0.0,0.0,1,0.0,0
12566,15,1,351.65,351.65,19,0,0,0.0,1.0,1,1.0,1
12567,25,9,7849.98,872.2199999999999,271,273,1,33.75,0.2222222222222222,0,0.5482289068324154,0
12569,21,15,2167.68,144.51200000000003,48,160,1,10.928571428571429,0.6,0,1.0,1
12571,50,1,248.35,248.35,14,0,1,0.0,1.0,1,1.0,1
12573,156,1,160.54000000000002,160.54000000000002,26,0,0,0.0,0.0,1,1.0,1
12574,244,1,218.45,218.45,11,0,0,0.0,0.0,1,0.0,0
12576,24,4,936.55,234.1375,54,208,1,69.33333333333333,0.5,0,1.9295484354506274,0
12577,288,1,195.89,195.89,67,0,1,0.0,0.0,1,0.0,0
12578,259,1,1608.66,1608.66,70,0,1,0.0,0.0,1,0.0,0
12579,7,1,440.42,440.42,29,0,0,0.0,1.0,1,1.0,1
12580,175,1,415.7,415.7,24,0,0,0.0,0.0,1,1.0,1
12582,167,2,511.36,255.68,21,49,0,49.0,0.0,0,0.0,0
12583,8,10,4773.01,477.30100000000004,92,294,1,32.22222222222222,0.3,0,0.4247928775048371,0
12584,9,5,1062.39,212.47799999999998,32,199,1,49.25,0.6,0,0.9482777214589219,0
12585,163,2,2040.1,1020.05,77,117,0,117.0,0.0,0,0.0,0
12589,73,1,131.5,131.5,10,0,1,0.0,1.0,1,1.0,1
12590,140,2,9864.26,4932.13,68,0,0,0.0,0.0,0,1.0,1
12591,246,1,452.84999999999997,452.84999999999997,26,0,0,0.0,0.0,1,0.0,0
12592,21,2,437.6,218.8,11,121,0,121.0,0.5,0,1.0,1
12593,37,3,418.09999999999997,139.36666666666667,14,110,0,55.0,0.6666666666666666,0,1.0,1
12594,50,8,2529.9,316.2375,46,201,1,28.428571428571427,0.125,0,0.7826016260162602,0
12596,171,1,269.95,269.95,15,0,1,0.0,0.0,1,1.0,1
12597,112,2,1428.81,714.405,72,85,1,85.0,0.0,0,0.0,0
12598,0,5,1946.1399999999999,389.22799999999995,54,213,1,53.0,0.4,0,0.9161279582720638,0
12599,55,6,857.04,142.84,25,177,1,35.0,0.3333333333333333,0,0.8285860590155538,0
12600,13,9,2219.46,246.60666666666668,28,287,1,35.5,0.3333333333333333,0,1.0927408625819406,0
12601,118,5,577.0600000000001,115.41199999999999,21,142,0,35.25,0.0,0,0.0,0
12604,8,2,254.18,127.09,15,182,0,182.0,0.5,0,0.4239775910364145,0
12609,7,3,1126.85,375.6166666666666,57,240,0,120.0,0.3333333333333333,0,1.1326364046816935,0
12610,35,2,1256.25,628.125,68,19,1,19.0,1.0,0,1.0,1
12612,3,1,704.0400000000001,704.0400000000001,19,0,0,0.0,1.0,1,1.0,1
12613,126,4,1462.52,365.63,65,64,1,21.333333333333332,0.0,0,0.0,0
12614,206,1,315.6,315.6,20,0,0,0.0,0.0,1,0.0,0
12615,0,2,1211.3899999999999,605.6949999999999,52,96,1,96.0,0.5,0,1.0,1
12616,24,2,713.3,356.65,25,202,0,202.0,0.5,0,1.7906885758998432,0
12619,6,7,2760.38,394.34000000000003,37,175,1,29.0,0.7142857142857143,0,1.0,1
12620,9,2,939.3199999999999,469.65999999999997,56,123,1,123.0,0.5,0,1.0,1
12621,10,17,11260.64,662.3905882352941,211,284,1,17.25,0.29411764705882354,0,0.8305133685152195,0
12622,161,1,180.1,180.1,11,0,0,0.0,0.0,1,1.0,1
12623,205,1,305.1,305.1,18,0,0,0.0,0.0,1,0.0,0
12624,35,2,641.13,320.565,36,71,0,71.0,0.5,0,1.0,1
12625,140,2,2683.82,1341.9099999999999,73,107,0,107.0,0.0,0,0.0,0
12626,41,6,4774.0,795.6666666666666,170,214,1,42.2,0.6666666666666666,0,2.746958637469586,0
12627,25,5,2727.83,545.566,112,44,1,10.5,1.0,0,1.0,1
12633,58,3,1948.75,649.5833333333334,66,158,1,78.5,0.3333333333333333,0,0.2164254260381904,0
12635,18,2,1689.18,844.5899999999999,96,65,0,65.0,1.0,0,1.0,1
12637,20,7,5663.5,809.0714285714286,176,232,1,38.333333333333336,0.42857142857142855,0,1.8993643145336854,0
12639,167,1,486.1,486.1,22,0,0,0.0,0.0,1,1.0,1
12640,10,1,764.59,764.59,42,0,1,0.0,1.0,1,1.0,1
12641,44,1,185.9,185.9,10,0,0,0.0,1.0,1,1.0,1
12642,36,1,366.45,366.45,24,0,1,0.0,1.0,1,1.0,1
12643,57,6,3344.64,557.44,11,204,0,40.4,0.16666666666666666,0,1.3799586776859505,0
12644,58,1,477.91,477.91,31,0,0,0.0,1.0,1,1.0,1
12645,38,3,1310.8600000000001,436.9533333333334,52,206,1,103.0,0.3333333333333333,0,1.3862984023828866,0
12647,7,11,3401.67,309.2427272727273,77,291,1,28.5,0.36363636363636365,0,0.6629439787734428,0
12648,83,1,318.05,318.05,21,0,0,0.0,1.0,1,1.0,1
12649,36,3,623.51,207.83666666666667,28,105,0,52.5,0.6666666666666666,0,1.0,1
12651,263,1,114.0,114.0,9,0,0,0.0,0.0,1,0.0,0
12652,260,1,919.98,919.98,48,0,0,0.0,0.0,1,0.0,0
12653,77,2,2209.85,1104.925,37,147,0,147.0,0.5,0,1.836413810807342,0
12654,126,3,337.75,112.58333333333333,19,97,1,48.5,0.0,0,0.0,0
12656,1,4,3465.42,866.355,71,161,1,53.333333333333336,0.5,0,1.0,1
12657,7,1,618.44,618.44,28,0,1,0.0,1.0,1,1.0,1
12662,36,7,2653.66,379.0942857142857,96,266,1,43.833333333333336,0.2857142857142857,0,0.9066230907756955,0
12664,16,4,2277.08,569.27,10,235,1,78.0,0.5,0,1.4714773723510384,0
12665,253,1,63.0,63.0,3,0,0,0.0,0.0,1,0.0,0
12668,188,3,2924.4700000000003,974.8233333333333,104,96,1,48.0,0.0,0,0.0,0
12669,79,3,2744.0299999999997,914.6766666666666,98,105,0,52.5,0.3333333333333333,0,0.4148816333714687,0
12670,27,3,1634.47,544.8233333333333,40,133,1,66.5,0.3333333333333333,0,1.0,1
12672,258,1,225.89999999999998,225.89999999999998,10,0,0,0.0,0.0,1,0.0,0
12673,255,1,220.9,220.9,23,0,1,0.0,0.0,1,0.0,0
12674,20,3,1402.0,467.3333333333333,42,116,1,58.0,0.3333333333333333,0,1.0,1
12676,52,4,998.0500000000001,249.5125,21,187,1,62.0,0.25,0,0.2390443878993497,0
12678,7,10,8680.5,868.05,80,274,1,30.0,0.4,0,4.853125924379252,0
12679,16,3,1000.7,333.56666666666666,43,195,1,97.0,0.3333333333333333,0,0.11878195602347431,0
12680,2,3,613.36,204.4533333333333,29,39,1,19.5,1.0,0,1.0,1
12681,6,16,10657.12,666.0699999999999,224,290,1,18.866666666666667,0.1875,0,0.2919694137220774,0
12682,10,22,8799.21,399.9640909090909,165,289,1,13.285714285714286,0.4090909090909091,0,0.8069579011304598,0
12683,21,12,6622.19,551.8491666666667,164,272,1,24.454545454545453,0.16666666666666666,0,0.4511092175241678,0
12684,99,4,1379.48,344.87,37,42,1,14.0,0.0,0,1.0,1
12685,4,3,1829.02,609.6733333333333,90,18,1,9.0,1.0,0,1.0,1
12686,300,1,89.14,89.14,7,0,0,0.0,0.0,1,0.0,0
12688,42,1,4873.8099999999995,4873.8099999999995,171,0,0,0.0,1.0,1,1.0,1
12689,56,1,511.03,511.03,34,0,1,0.0,1.0,1,1.0,1
12690,134,1,389.01,389.01,16,0,0,0.0,0.0,1,1.0,1
12691,74,4,556.3,139.075,16,212,1,70.33333333333333,0.25,0,0.3695224027572625,0
12693,56,4,855.91,213.97750000000002,35,192,0,63.666666666666664,0.25,0,0.5601891017666086,0
12694,112,1,439.5,439.5,20,0,0,0.0,0.0,1,1.0,1
12695,36,2,333.90000000000003,166.95,17,102,1,102.0,0.5,0,1.0,1
12697,60,2,733.91,366.955,27,37,1,37.0,0.5,0,1.0,1
12700,85,2,2149.05,1074.525,110,58,1,58.0,0.5,0,1.0,1
12701,8,2,797.71,398.855,50,162,0,162.0,0.5,0,1.0,1
12703,0,1,283.55,283.55,21,0,0,0.0,1.0,1,1.0,1
12704,7,4,1346.47,336.6175,51,91,1,29.666666666666668,0.75,0,1.0,1
12705,6,5,5005.14,1001.028,191,279,1,69.5,0.4,0,2.1457342657342657,0
12707,220,1,603.42,603.42,33,0,0,0.0,0.0,1,0.0,0
12708,1,8,2399.14,299.8925,81,296,1,41.857142857142854,0.25,0,1.0097941654009321,0
12709,0,12,8055.62,671.3016666666666,90,295,1,26.454545454545453,0.3333333333333333,0,0.9084219849832087,0
12710,25,3,1149.02,383.00666666666666,75,104,0,51.5,0.6666666666666666,0,1.0,1
12712,35,11,3913.08,355.73454545454547,54,264,1,25.9,0.18181818181818182,0,0.6546099792340383,0
12714,35,4,3389.7,847.425,167,187,1,62.0,0.25,0,1.151006919343179,0
12715,35,1,353.86,353.86,20,0,0,0.0,1.0,1,1.0,1
12716,62,1,677.9,677.9,45,0,1,0.0,1.0,1,1.0,1
12717,80,2,1030.98,515.49,49,94,0,94.0,0.5,0,1.0,1
12718,0,1,238.25,238.25,19,0,0,0.0,1.0,1,1.0,1
12720,9,18,3828.32,212.68444444444447,169,288,1,16.647058823529413,0.3888888888888889,0,0.7542917718953637,0
12721,8,5,2041.81,408.362,106,275,1,68.25,0.2,0,0.46236617135460206,0
12722,14,4,997.63,249.4075,50,65,0,21.0,1.0,0,1.0,1
12724,10,3,823.1700000000001,274.39000000000004,41,250,1,124.5,0.3333333333333333,0,3.504260813428018,0
12725,300,1,427.8,427.8,24,0,0,0.0,0.0,1,0.0,0
12726,15,6,1824.6399999999999,304.1066666666666,49,271,1,53.6,0.16666666666666666,0,0.4024417714105509,0
12727,24,6,3337.7,556.2833333333333,91,224,1,44.6,0.16666666666666666,0,0.26767032660462703,0
12728,0,4,836.33,209.08249999999998,38,261,0,86.66666666666667,0.25,0,0.3547974275485575,0
12729,42,1,453.01,453.01,26,0,0,0.0,1.0,1,1.0,1
12731,14,9,13702.15,1522.461111111111,98,278,1,34.5,0.2222222222222222,0,0.9684786627511285,0
12732,108,1,236.26000000000002,236.26000000000002,12,0,0,0.0,0.0,1,1.0,1
12733,163,1,383.95,383.95,22,0,0,0.0,0.0,1,1.0,1
12734,281,1,110.39999999999999,110.39999999999999,4,0,0,0.0,0.0,1,0.0,0
12735,244,2,779.5699999999999,389.78499999999997,38,21,0,21.0,0.0,0,0.0,0
12736,261,1,234.0,234.0,4,0,0,0.0,0.0,1,0.0,0
12738,301,1,155.35,155.35,11,0,0,0.0,0.0,1,0.0,0
12739,7,2,1013.04,506.52,38,20,0,20.0,1.0,0,1.0,1
12743,63,2,546.43,273.21500000000003,114,0,0,0.0,1.0,0,1.0,1
12744,73,5,14211.970000000001,2842.3940000000002,163,173,1,43.0,0.2,0,1.923616827482745,0
12747,38,8,2769.4,346.17499999999995,34,259,1,36.857142857142854,0.125,0,0.22854502344537117,0
12748,1,137,18202.97,132.86839416058396,1278,301,1,1.838235294117647,0.26277372262773724,0,1.0694459861870587,0
12749,59,3,2755.23,918.41,113,82,1,41.0,0.6666666666666666,0,1.0,1
12750,57,1,275.88,275.88,15,0,0,0.0,1.0,1,1.0,1
12752,10,1,4366.78,4366.78,53,0,0,0.0,1.0,1,1.0,1
12753,64,5,16620.91,3324.182,114,226,1,56.0,0.2,0,0.3939994411810991,0
12754,164,3,3010.74,1003.5799999999999,49,72,0,36.0,0.0,0,0.0,0
12755,209,2,3811.95,1905.975,4,85,0,85.0,0.0,0,0.0,0
12756,15,1,112.07999999999998,112.07999999999998,4,0,0,0.0,1.0,1,1.0,1
12757,71,7,5281.08,754.4399999999999,89,68,1,11.0,0.14285714285714285,0,1.0,1
12758,45,2,2791.59,1395.795,84,159,0,159.0,0.5,0,0.77786764659054,0
12759,100,2,1082.52,541.26,60,104,1,104.0,0.0,0,0.0,0
12763,67,2,494.08,247.04,16,230,0,230.0,0.5,0,0.543614096475881,0
12764,245,1,1693.88,1693.88,45,0,0,0.0,0.0,1,0.0,0
12766,78,5,4952.1900000000005,990.4380000000001,161,216,1,54.0,0.2,0,0.3333357063023685,0
12769,167,1,1143.6,1143.6,32,0,0,0.0,0.0,1,1.0,1
12770,139,1,1351.45,1351.45,12,0,0,0.0,0.0,1,1.0,1
12775,118,4,1164.68,291.17,36,121,1,40.0,0.0,0,0.0,0
12778,112,4,492.06,123.015,25,129,1,42.666666666666664,0.0,0,0.0,0
12779,118,7,2999.41,428.4871428571428,68,181,1,29.666666666666668,0.0,0,0.0,0
12781,213,1,549.26,549.26,15,0,1,0.0,0.0,1,0.0,0
12782,78,4,2078.67,519.6675,73,207,1,68.66666666666667,0.25,0,0.4494566117323061,0
12783,4,1,339.02,339.02,18,0,1,0.0,1.0,1,1.0,1
12785,293,1,311.95,311.95,14,0,0,0.0,0.0,1,0.0,0
12787,20,2,344.65999999999997,172.32999999999998,15,101,1,101.0,0.5,0,1.0,1
12790,121,1,324.92,324.92,21,0,0,0.0,0.0,1,1.0,1
12791,302,1,192.60000000000002,192.60000000000002,2,0,0,0.0,0.0,1,0.0,0
12792,185,1,400.53999999999996,400.53999999999996,25,0,0,0.0,0.0,1,0.0,0
12793,263,2,545.48,272.74,21,36,0,36.0,0.0,0,0.0,0
12794,27,1,317.0,317.0,20,0,1,0.0,1.0,1,1.0,1
12797,294,1,254.03,254.03,13,0,0,0.0,0.0,1,0.0,0
12798,99,1,1607.04,1607.04,6,0,1,0.0,0.0,1,1.0,1
12802,115,1,427.58,427.58,25,0,0,0.0,0.0,1,1.0,1
12808,113,2,281.35,140.675,16,184,1,184.0,0.0,0,0.0,0
12809,106,1,489.31,489.31,25,0,0,0.0,0.0,1,1.0,1
12811,189,3,514.85,171.61666666666667,27,23,0,11.0,0.0,0,0.0,0
12814,30,1,125.92,125.92,2,0,0,0.0,1.0,1,1.0,1
12815,76,2,1063.46,531.73,38,50,0,50.0,0.5,0,1.0,1
12816,24,2,572.2,286.1,27,80,0,80.0,0.5,0,1.0,1
12817,210,1,166.04,166.04,4,0,0,0.0,0.0,1,0.0,0
12818,190,1,1542.08,1542.08,14,0,0,0.0,0.0,1,0.0,0
12820,3,2,388.23,194.115,25,251,1,251.0,0.5,0,1.2775431186202042,0
12821,143,1,92.72,92.72,6,0,0,0.0,0.0,1,1.0,1
12822,16,1,690.9,690.9,37,0,0,0.0,1.0,1,1.0,1
12823,3,5,1759.5,351.9,1,221,0,55.0,0.4,0,1.4285714285714286,0
12826,0,5,1052.6200000000001,210.52399999999997,54,293,1,72.75,0.2,0,0.3356763735475542,0
12828,28,3,415.51,138.50333333333333,23,31,1,15.0,1.0,0,1.0,1
12829,265,2,293.0,146.5,9,23,0,23.0,0.0,0,0.0,0
12830,20,5,6414.32,1282.864,13,80,1,19.5,0.8,0,1.0,1
12831,191,1,215.05,215.05,9,0,0,0.0,0.0,1,0.0,0
12832,27,1,267.8,267.8,18,0,1,0.0,1.0,1,1.0,1
12833,74,1,417.38,417.38,24,0,0,0.0,1.0,1,1.0,1
12834,211,1,312.38,312.38,18,0,0,0.0,0.0,1,0.0,0
12836,66,3,2112.53,704.1766666666667,110,174,1,87.0,0.3333333333333333,0,0.5328160247552233,0
12837,102,1,134.1,134.1,12,0,0,0.0,0.0,1,1.0,1
12838,302,1,390.79,390.79,59,0,1,0.0,0.0,1,0.0,0
12839,0,10,3376.05,337.605,75,295,1,32.44444444444444,0.5,0,1.5387186527212793,0
12840,72,4,2726.77,681.6925,67,82,0,27.0,0.25,0,1.0,1
12841,18,18,3071.51,170.63944444444445,178,282,1,16.11764705882353,0.2777777777777778,0,0.5410679692421055,0
12842,237,1,310.73,310.73,14,0,0,0.0,0.0,1,0.0,0
12843,88,7,1692.31,241.75857142857143,68,104,1,16.833333333333332,0.14285714285714285,0,3.150963597430407,0
12844,59,1,174.88,174.88,27,0,1,0.0,1.0,1,1.0,1
12845,196,4,354.09,88.5225,26,22,0,7.333333333333333,0.0,0,0.0,0
12849,197,1,704.5,704.5,33,0,1,0.0,0.0,1,0.0,0
12851,25,1,135.18,135.18,43,0,0,0.0,1.0,1,1.0,1
12852,223,1,311.55,311.55,17,0,0,0.0,0.0,1,0.0,0
12853,63,6,1957.1000000000001,326.18333333333334,66,181,0,36.0,0.5,0,2.5084230229293407,0
12854,7,3,1324.5,441.5,95,239,0,119.5,0.3333333333333333,0,1.318620159015132,0
12855,301,1,38.1,38.1,3,0,0,0.0,0.0,1,0.0,0
12857,139,2,1106.4,553.2,37,91,0,91.0,0.0,0,0.0,0
12864,67,1,147.12,147.12,3,0,0,0.0,1.0,1,1.0,1
12865,52,1,981.38,981.38,58,0,1,0.0,1.0,1,1.0,1
12866,212,1,559.12,559.12,26,0,0,0.0,0.0,1,0.0,0
12867,25,6,3025.74,504.28999999999996,206,263,1,52.0,0.16666666666666666,0,0.5230289989046757,0
12868,114,6,1607.0600000000002,267.84333333333336,72,187,0,37.0,0.0,0,0.0,0
12871,13,2,380.64,190.32,8,123,0,123.0,0.5,0,1.0,1
12872,255,2,599.97,299.985,58,38,0,38.0,0.0,0,0.0,0
12873,211,1,374.0,374.0,4,0,0,0.0,0.0,1,0.0,0
12875,72,2,343.2300000000001,171.61500000000004,1,219,0,219.0,0.5,0,0.16840277777777776,0
12876,125,1,726.43,726.43,34,0,1,0.0,0.0,1,1.0,1
12877,7,10,1160.3700000000001,116.037,44,280,1,30.444444444444443,0.2,0,0.48843972662498186,0
12878,165,2,854.99,427.495,38,29,0,29.0,0.0,0,0.0,0
12879,10,2,507.7,253.85,4,10,1,10.0,1.0,0,1.0,1
12881,204,1,298.0,298.0,7,0,0,0.0,0.0,1,0.0,0
12883,18,1,291.63,291.63,19,0,1,0.0,1.0,1,1.0,1
12884,17,1,309.05,309.05,7,0,0,0.0,1.0,1,1.0,1
12885,52,1,645.35,645.35,39,0,1,0.0,1.0,1,1.0,1
12886,148,1,775.0,775.0,47,0,1,0.0,0.0,1,1.0,1
12888,143,2,354.12,177.06,4,41,0,41.0,0.0,0,0.0,0
12891,114,3,331.0,110.33333333333333,2,107,0,53.5,0.0,0,0.0,0
12895,15,1,267.8,267.8,16,0,1,0.0,1.0,1,1.0,1
12897,133,2,216.5,108.25,3,97,0,97.0,0.0,0,0.0,0
12901,10,20,13159.27,657.9635000000001,29,189,1,9.473684210526315,0.2,0,1.1284613841776039,0
12902,193,1,138.68,138.68,10,0,0,0.0,0.0,1,0.0,0
12904,101,1,244.69,244.69,32,0,1,0.0,0.0,1,1.0,1
12906,7,2,1936.5900000000001,968.2950000000001,47,0,1,0.0,1.0,0,1.0,1
12908,105,2,750.0,375.0,1,136,0,136.0,0.0,0,0.0,0
12909,16,4,1857.35,464.3375,74,165,1,55.0,0.25,0,1.0,1
12910,7,5,2050.18,410.03599999999994,43,163,1,40.5,0.4,0,1.0,1
12913,211,3,866.39,288.7966666666667,12,85,1,42.0,0.0,0,0.0,0
12915,77,2,363.65,181.825,19,223,0,223.0,0.5,0,0.8214375156523918,0
12916,67,4,3006.15,751.5375,53,181,0,60.0,0.25,0,0.462978172178709,0
12917,57,1,594.0,594.0,2,0,0,0.0,1.0,1,1.0,1
12919,45,3,441.65,147.21666666666667,12,53,1,26.0,0.6666666666666666,0,1.0,1
12921,13,27,11395.98,422.0733333333333,192,289,1,10.807692307692308,0.4444444444444444,0,1.2566310696796272,0
12922,90,1,405.38,405.38,28,0,0,0.0,1.0,1,1.0,1
12924,17,4,933.7,233.425,22,239,0,79.33333333333333,0.25,0,0.9668044029306573,0
12925,3,1,368.31,368.31,23,0,1,0.0,1.0,1,1.0,1
12928,76,3,1136.14,378.71333333333337,42,211,1,105.0,0.3333333333333333,0,0.907631136259367,0
12929,240,1,117.85,117.85,8,0,0,0.0,0.0,1,0.0,0
12930,7,2,415.8,207.9,20,93,0,93.0,0.5,0,1.0,1
12931,30,11,32530.7,2957.336363636364,27,256,1,25.1,0.36363636363636365,0,10.0,0
12933,100,2,357.49,178.745,48,112,1,112.0,0.0,0,0.0,0
12935,38,4,1535.34,383.835,58,209,1,69.33333333333333,0.5,0,1.5501934527257142,0
12936,7,1,798.46,798.46,33,0,1,0.0,1.0,1,1.0,1
12937,0,3,826.44,275.48,42,196,1,97.5,0.3333333333333333,0,1.8314400036793452,0
12939,8,6,9036.12,1506.0199999999998,21,255,1,50.6,0.5,0,0.25009960820771626,0
12940,16,1,361.27,361.27,19,0,1,0.0,1.0,1,1.0,1
12942,60,3,683.9,227.96666666666667,68,234,0,117.0,0.3333333333333333,0,1.1106473429951689,0
12944,283,1,286.95,286.95,14,0,1,0.0,0.0,1,0.0,0
12945,217,1,462.95,462.95,23,0,0,0.0,0.0,1,0.0,0
12947,72,6,1603.99,267.33166666666665,83,229,0,45.6,0.16666666666666666,0,0.3703153376258874,0
12948,34,4,1423.96,355.99,64,159,1,52.666666666666664,0.25,0,1.0165229885057472,0
12949,43,7,3449.42,492.7742857142857,144,138,1,22.833333333333332,0.5714285714285714,0,1.0,1
12951,102,5,751.78,150.35600000000002,39,157,1,38.5,0.0,0,0.0,0
12952,7,1,731.54,731.54,41,0,1,0.0,1.0,1,1.0,1
12955,21,6,1843.36,307.22666666666663,42,175,1,34.8,0.3333333333333333,0,1.7981089865349713,0
12956,235,1,108.07,108.07,19,0,0,0.0,0.0,1,0.0,0
12957,0,6,2640.7200000000003,440.11999999999995,146,267,1,53.2,0.3333333333333333,0,1.2435399561939824,0
12962,42,1,170.54000000000002,170.54000000000002,11,0,1,0.0,1.0,1,1.0,1
12963,13,2,619.71,309.855,28,280,1,280.0,0.5,0,0.69412247129579,0
12965,18,1,771.91,771.91,108,0,0,0.0,1.0,1,1.0,1
12967,287,2,1660.9,830.45,19,13,0,13.0,0.0,0,0.0,0
12968,41,1,135.95,135.95,5,0,0,0.0,1.0,1,1.0,1
12970,251,2,23.8,11.899999999999999,8,0,1,0.0,0.0,0,0.0,0
12971,2,67,8653.8,129.16119402985075,82,298,1,4.106060606060606,0.3283582089552239,0,1.253791649800708,0
12974,126,1,144.8,144.8,8,0,0,0.0,0.0,1,1.0,1
12976,140,1,738.6,738.6,22,0,0,0.0,0.0,1,1.0,1
12977,85,1,39.239999999999995,39.239999999999995,9,0,0,0.0,1.0,1,1.0,1
12980,86,9,7374.900000000001,819.4333333333334,6,200,0,24.375,0.1111111111111111,0,0.22832318019239253,0
12981,62,1,187.18,187.18,11,0,1,0.0,1.0,1,1.0,1
12982,171,1,390.54,390.54,28,0,0,0.0,0.0,1,1.0,1
12987,2,2,558.7,279.35,27,124,0,124.0,0.5,0,1.0,1
12988,221,1,535.32,535.32,75,0,0,0.0,0.0,1,0.0,0
12989,17,9,5107.06,567.4511111111111,14,276,1,34.0,0.2222222222222222,0,0.7565894110142463,0
12990,114,2,263.9,131.95,5,124,1,124.0,0.0,0,0.0,0
12991,41,1,303.56,303.56,22,0,1,0.0,1.0,1,1.0,1
12993,49,3,372.4,124.13333333333333,23,177,1,88.5,0.3333333333333333,0,1.9154518950437323,0
12994,49,2,645.47,322.735,38,148,1,148.0,0.5,0,0.830601247872944,0
12995,14,1,211.32,211.32,3,0,0,0.0,1.0,1,1.0,1
12997,17,3,916.39,305.46333333333337,41,228,1,113.5,0.3333333333333333,0,1.0077565046637211,0
12999,125,3,455.88,151.96,25,49,0,24.0,0.0,0,1.0,1
13000,35,3,534.85,178.28333333333333,30,258,0,128.5,0.3333333333333333,0,0.16644494362419032,0
13001,87,11,8615.42,783.22,154,168,1,16.3,0.09090909090909091,0,0.1676799129014698,0
13002,247,1,120.94999999999999,120.94999999999999,7,0,0,0.0,0.0,1,0.0,0
13003,34,3,149.05,49.68333333333334,4,109,0,54.0,0.6666666666666666,0,1.0,1
13004,6,13,4125.3,317.33076923076925,214,280,1,22.833333333333332,0.23076923076923078,0,0.6135021733122284,0
13005,102,2,513.7,256.85,21,72,0,72.0,0.0,0,1.0,1
13008,252,1,229.46999999999997,229.46999999999997,14,0,0,0.0,0.0,1,0.0,0
13011,301,1,50.550000000000004,50.550000000000004,3,0,0,0.0,0.0,1,0.0,0
13012,7,5,1205.8400000000001,241.16800000000003,52,216,1,53.75,0.4,0,1.3212023219444964,0
13013,21,9,3686.09,409.5655555555556,137,278,1,34.375,0.5555555555555556,0,0.8596254760066477,0
13014,3,6,2421.63,403.605,58,206,1,41.0,0.3333333333333333,0,0.7595597589956553,0
13015,126,4,1763.04,440.76,80,52,1,17.0,0.0,0,1.0,1
13016,2,3,789.89,263.2966666666667,39,49,0,24.5,1.0,0,1.0,1
13018,1,21,5678.17,270.38904761904763,261,223,1,10.8,0.42857142857142855,0,1.8719757961130197,0
13021,95,4,1152.47,288.1175,48,192,1,63.333333333333336,0.0,0,0.0,0
13023,58,1,336.40000000000003,336.40000000000003,20,0,1,0.0,1.0,1,1.0,1
13026,21,3,604.2,201.4,13,182,1,90.5,0.3333333333333333,0,4.273115220483643,0
13027,42,6,6912.0,1152.0,6,240,0,47.6,0.5,0,1.6842105263157894,0
13029,67,2,773.1999999999999,386.6,6,214,1,214.0,0.5,0,1.021437908496732,0
13030,297,1,427.74,427.74,50,0,1,0.0,0.0,1,0.0,0
13032,16,1,496.3,496.3,44,0,1,0.0,1.0,1,1.0,1
13033,286,1,190.55,190.55,11,0,0,0.0,0.0,1,0.0,0
13034,298,1,165.86,165.86,11,0,1,0.0,0.0,1,0.0,0
13035,2,2,921.88,460.94,23,186,0,186.0,0.5,0,1.7684084084084082,0
13037,67,3,881.07,293.69,44,118,0,58.5,0.3333333333333333,0,1.2129622234645794,0
13038,9,3,908.46,302.82,24,210,0,104.5,0.3333333333333333,0,0.8015692229815239,0
13043,202,1,516.42,516.42,13,0,0,0.0,0.0,1,0.0,0
13044,220,1,560.47,560.47,33,0,0,0.0,0.0,1,0.0,0
13045,28,1,305.28000000000003,305.28000000000003,18,0,0,0.0,1.0,1,1.0,1
13046,195,1,197.72,197.72,14,0,1,0.0,0.0,1,0.0,0
13047,56,8,2682.01,335.25125,84,246,1,35.0,0.125,0,0.5425968771577049,0
13048,42,3,1375.05,458.34999999999997,69,213,1,106.0,0.3333333333333333,0,0.9110571386696259,0
13049,247,1,153.78,153.78,7,0,1,0.0,0.0,1,0.0,0
13050,35,13,4509.74,346.9030769230769,211,260,1,21.166666666666668,0.23076923076923078,0,0.41511648122392214,0
13052,141,1,348.15000000000003,348.15000000000003,18,0,0,0.0,0.0,1,1.0,1
13055,7,3,1214.41,404.80333333333334,74,135,0,67.5,0.6666666666666666,0,1.0,1
13058,80,1,47.550000000000004,47.550000000000004,3,0,1,0.0,1.0,1,1.0,1
13059,178,1,183.4,183.4,8,0,0,0.0,0.0,1,1.0,1
13060,182,1,307.53,307.53,15,0,0,0.0,0.0,1,1.0,1
13061,1,1,248.61,248.61,10,0,0,0.0,1.0,1,1.0,1
13062,120,1,346.98,346.98,11,0,0,0.0,0.0,1,1.0,1
13064,17,3,842.33,280.7766666666667,37,239,1,119.0,0.6666666666666666,0,3.1432857845548456,0
13065,302,1,205.86,205.86,14,0,0,0.0,0.0,1,0.0,0
13067,11,1,115.46000000000001,115.46000000000001,14,0,0,0.0,1.0,1,1.0,1
13068,248,1,165.0,165.0,1,0,1,0.0,0.0,1,0.0,0
13069,28,20,3874.7,193.73499999999999,250,270,1,13.789473684210526,0.2,0,0.637203035526759,0
13070,121,1,228.8,228.8,9,0,0,0.0,0.0,1,1.0,1
13072,195,1,177.15,177.15,7,0,0,0.0,0.0,1,0.0,0
13075,58,1,919.61,919.61,22,0,0,0.0,1.0,1,1.0,1
13077,219,3,577.44,192.48000000000002,61,76,1,38.0,0.0,0,0.0,0
13078,11,17,8412.65,494.8617647058823,89,284,1,17.4375,0.29411764705882354,0,1.115571185175798,0
13079,4,3,172.4,57.46666666666667,2,64,1,32.0,1.0,0,1.0,1
13080,108,1,58.08,58.08,6,0,0,0.0,0.0,1,1.0,1
13081,72,8,18870.12,2358.765,424,227,1,32.0,0.125,0,0.4493028918212907,0
13082,55,9,3613.63,401.51444444444445,63,212,0,26.125,0.2222222222222222,0,2.101729806126525,0
13083,4,1,192.39,192.39,14,0,1,0.0,1.0,1,1.0,1
13085,86,2,416.08000000000004,208.04000000000002,17,137,0,137.0,0.5,0,0.49615246314275435,0
13089,4,77,45649.16,592.8462337662338,557,294,1,3.539473684210526,0.2597402597402597,0,0.7590509878203797,0
13090,65,9,4912.02,545.78,56,236,1,29.0,0.1111111111111111,0,0.41182224112268767,0
13092,140,4,439.75,109.9375,15,147,0,48.666666666666664,0.0,0,0.0,0
13093,204,8,7832.47,979.05875,97,97,0,13.428571428571429,0.0,0,0.0,0
13094,9,11,1774.68,161.33454545454546,4,288,1,28.4,0.2727272727272727,0,1.2885662431941924,0
13097,6,9,5479.28,608.8088888888889,212,282,1,35.0,0.2222222222222222,0,0.5809021279272761,0
13098,16,19,17349.76,913.1452631578949,111,229,1,12.277777777777779,0.42105263157894735,0,6.25646926295462,0
13099,28,1,207.35999999999999,207.35999999999999,1,0,0,0.0,1.0,1,1.0,1
13101,163,1,101.19,101.19,8,0,0,0.0,0.0,1,1.0,1
13102,10,20,5292.84,264.642,119,284,1,14.578947368421053,0.2,0,0.5032448746618292,0
13104,14,4,579.0,144.75,12,268,1,89.33333333333333,0.5,0,1.7091521617069059,0
13106,62,1,76.5,76.5,1,0,0,0.0,1.0,1,1.0,1
13107,14,3,1407.42,469.14000000000004,52,247,1,123.5,0.3333333333333333,0,0.833039305624162,0
13108,301,1,350.06,350.06,10,0,0,0.0,0.0,1,0.0,0
13109,86,1,369.85,369.85,24,0,1,0.0,1.0,1,1.0,1
13110,66,5,1042.24,208.448,79,174,1,43.25,0.4,0,0.4228726672036478,0
13113,42,20,10787.06,539.353,93,252,1,12.68421052631579,0.15,0,0.39990264013510174,0
13115,113,1,878.55,878.55,55,0,1,0.0,0.0,1,1.0,1
13116,67,1,501.14,501.14,30,0,0,0.0,1.0,1,1.0,1
13117,50,7,841.77,120.25285714285714,57,250,1,41.333333333333336,0.14285714285714285,0,0.15308282390395067,0
13118,137,3,799.7,266.56666666666666,40,80,1,39.5,0.0,0,0.0,0
13120,167,1,30.599999999999998,30.599999999999998,1,0,0,0.0,0.0,1,1.0,1
13121,198,1,283.73,283.73,50,0,0,0.0,0.0,1,0.0,0
13122,23,2,922.39,461.195,54,146,0,146.0,0.5,0,1.0,1
13124,18,3,3866.33,1288.7766666666666,185,269,0,134.0,0.3333333333333333,0,1.0285675624044832,0
13126,1,6,1385.98,230.99666666666667,80,293,1,58.4,0.16666666666666666,0,0.40747441399801915,0
13127,6,1,259.17,259.17,15,0,0,0.0,1.0,1,1.0,1
13130,23,1,64.0,64.0,2,0,0,0.0,1.0,1,1.0,1
13131,0,2,772.2,386.1,22,116,1,116.0,0.5,0,1.0,1
13132,190,1,77.3,77.3,3,0,0,0.0,0.0,1,0.0,0
13133,202,2,109.8,54.900000000000006,7,30,0,30.0,0.0,0,0.0,0
13134,14,4,1793.58,448.395,94,154,0,51.0,0.25,0,1.0,1
13135,125,1,3096.0,3096.0,1,0,0,0.0,0.0,1,1.0,1
13136,16,4,2148.08,537.02,73,124,1,41.0,0.75,0,1.0,1
13137,21,5,1931.04,386.20799999999997,231,216,1,53.5,0.6,0,4.896985270499702,0
13138,9,4,687.89,171.9725,29,292,1,97.0,0.5,0,1.5579361382808052,0
13139,1,4,3584.56,896.14,111,187,1,62.0,0.5,0,5.896312576312576,0
13140,37,3,423.72,141.24,40,258,0,128.5,0.6666666666666666,0,1.6563851796125635,0
13141,13,5,2388.75,477.75,113,230,0,57.25,0.2,0,1.8829136244924412,0
13144,261,1,110.95,110.95,3,0,0,0.0,0.0,1,0.0,0
13145,20,3,499.72,166.57333333333335,5,280,1,140.0,0.6666666666666666,0,0.6939661016949152,0
13147,28,1,118.80000000000001,118.80000000000001,1,0,1,0.0,1.0,1,1.0,1
13148,62,10,2789.87,278.98699999999997,173,230,1,25.333333333333332,0.4,0,0.6806521366054574,0
13149,35,3,1132.62,377.54,58,182,1,91.0,0.6666666666666666,0,2.0063704411530496,0
13151,224,1,1257.8700000000001,1257.8700000000001,73,0,0,0.0,0.0,1,0.0,0
13155,8,3,882.5,294.1666666666667,62,288,1,143.5,0.3333333333333333,0,0.5504216444132114,0
13157,70,3,873.1999999999999,291.06666666666666,32,157,1,78.5,0.3333333333333333,0,1.8969770498432923,0
13158,23,4,1201.06,300.265,59,224,0,74.33333333333333,0.75,0,3.684138684138685,0
13159,35,2,851.59,425.795,75,9,1,9.0,1.0,0,1.0,1
13161,242,1,112.75,112.75,8,0,0,0.0,0.0,1,0.0,0
13162,51,4,1688.29,422.0725,74,212,0,70.66666666666667,0.25,0,0.5082574409898309,0
13165,280,1,354.64,354.64,13,0,1,0.0,0.0,1,0.0,0
13166,212,1,417.2,417.2,39,0,0,0.0,0.0,1,0.0,0
13167,59,2,417.55,208.77499999999998,33,12,1,12.0,1.0,0,1.0,1
13168,128,3,972.66,324.21999999999997,94,119,1,59.0,0.0,0,0.0,0
13169,181,1,505.2,505.2,6,0,1,0.0,0.0,1,1.0,1
13171,228,1,140.35,140.35,23,0,1,0.0,0.0,1,0.0,0
13173,296,1,165.94,165.94,23,0,1,0.0,0.0,1,0.0,0
13174,245,2,2108.27,1054.135,178,52,1,52.0,0.0,0,0.0,0
13178,2,9,5156.7300000000005,572.97,82,287,1,35.375,0.3333333333333333,0,1.642170818505338,0
13183,15,7,3085.5800000000004,440.79714285714283,50,247,1,40.666666666666664,0.5714285714285714,0,1.3684497049733075,0
13184,59,9,1504.44,167.16,122,159,1,19.375,0.4444444444444444,0,2.750188217579522,0
13185,196,1,71.4,71.4,1,0,0,0.0,0.0,1,0.0,0
13186,22,2,1301.94,650.97,57,35,1,35.0,1.0,0,1.0,1
13187,266,1,236.02,236.02,37,0,0,0.0,0.0,1,0.0,0
13189,44,1,127.0,127.0,18,0,1,0.0,1.0,1,1.0,1
13192,24,2,911.94,455.97,57,109,0,109.0,0.5,0,1.0,1
13194,64,1,60.7,60.7,3,0,0,0.0,1.0,1,1.0,1
13196,13,2,1586.95,793.4749999999999,86,177,1,177.0,0.5,0,2.09872493312245,0
13198,49,5,3009.18,601.836,182,241,1,60.0,0.4,0,0.7777487043570739,0
13199,21,22,4740.16,215.4618181818182,29,274,1,12.571428571428571,0.18181818181818182,0,0.22482197355035607,0
13200,3,2,627.01,313.505,34,51,1,51.0,1.0,0,1.0,1
13203,49,2,309.86,154.93,20,121,1,121.0,0.5,0,1.0,1
13207,79,1,197.52000000000004,197.52000000000004,5,0,1,0.0,1.0,1,1.0,1
13208,84,4,835.0699999999999,208.7675,97,153,1,50.666666666666664,0.25,0,0.8005936479667558,0
13209,57,5,4156.08,831.216,200,233,1,57.75,0.4,0,4.16931659693166,0
13210,22,1,353.48,353.48,22,0,0,0.0,1.0,1,1.0,1
13211,24,2,886.64,443.32000000000005,43,266,1,266.0,0.5,0,7.009394760614273,0
13213,57,4,963.88,240.97000000000003,44,71,1,23.333333333333332,0.25,0,1.0,1
13216,196,1,333.74,333.74,5,0,0,0.0,0.0,1,0.0,0
13217,51,3,533.98,177.99333333333334,3,34,0,16.5,1.0,0,1.0,1
13218,56,1,62.63999999999999,62.63999999999999,5,0,0,0.0,1.0,1,1.0,1
13220,7,4,819.2900000000001,204.8225,18,158,0,52.333333333333336,0.25,0,1.0,1
13221,169,2,847.41,423.70500000000004,62,119,0,119.0,0.0,0,0.0,0
13223,129,2,163.20000000000002,81.60000000000001,5,31,0,31.0,0.0,0,1.0,1
13224,80,1,1212.26,1212.26,42,0,1,0.0,1.0,1,1.0,1
13225,72,5,4299.56,859.912,15,218,1,54.25,0.2,0,0.17400963530615812,0
13226,202,1,108.21000000000001,108.21000000000001,16,0,0,0.0,0.0,1,0.0,0
13227,130,1,257.7,257.7,9,0,0,0.0,0.0,1,1.0,1
13228,10,1,358.0,358.0,2,0,0,0.0,1.0,1,1.0,1
13229,154,1,160.95,160.95,10,0,0,0.0,0.0,1,1.0,1
13230,67,12,2234.18,186.18166666666664,302,226,1,20.09090909090909,0.25,0,0.5355756791720568,0
13232,27,5,1048.3,209.66,129,144,1,35.75,0.2,0,1.0,1
13233,3,2,605.12,302.56,43,261,0,261.0,0.5,0,0.9889560872995001,0
13235,141,1,1031.07,1031.07,53,0,0,0.0,0.0,1,1.0,1
13236,35,1,439.23,439.23,21,0,1,0.0,1.0,1,1.0,1
13238,92,2,318.85,159.425,14,196,1,196.0,0.0,0,0.0,0
13239,190,1,329.56,329.56,21,0,0,0.0,0.0,1,0.0,0
13240,25,4,663.65,165.9125,59,269,0,89.33333333333333,0.25,0,0.2487285549603309,0
13242,41,3,270.40000000000003,90.13333333333333,12,101,0,50.5,0.3333333333333333,0,1.0,1
13243,132,1,600.07,600.07,56,0,0,0.0,0.0,1,1.0,1
13244,21,1,121.74000000000001,121.74000000000001,27,0,0,0.0,1.0,1,1.0,1
13246,105,5,1860.99,372.198,89,153,1,38.25,0.0,0,0.0,0
13247,11,1,305.07,305.07,14,0,1,0.0,1.0,1,1.0,1
13248,53,2,465.68,232.83999999999997,25,64,0,64.0,0.5,0,1.0,1
13249,21,3,711.41,237.13666666666668,21,168,0,84.0,0.6666666666666666,0,1.437671326754386,0
13253,85,2,1030.4,515.2,35,182,0,182.0,0.5,0,1.1625251846877103,0
13255,302,1,225.7,225.7,6,0,1,0.0,0.0,1,0.0,0
13258,134,1,224.62,224.62,12,0,1,0.0,0.0,1,1.0,1
13261,197,2,944.1,472.05,8,17,0,17.0,0.0,0,0.0,0
13262,192,1,200.29,200.29,11,0,0,0.0,0.0,1,0.0,0
13263,16,24,5146.99,214.45791666666665,366,237,1,9.826086956521738,0.25,0,0.8749318088405634,0
13265,17,4,1802.3,450.57500000000005,53,184,1,61.333333333333336,0.25,0,1.0949778818631277,0
13266,4,9,2841.35,315.7055555555555,62,181,1,22.25,0.3333333333333333,0,3.3582158692343334,0
13267,21,15,3119.34,207.95600000000002,68,274,1,19.285714285714285,0.26666666666666666,0,0.5802021645905657,0
13268,13,7,2468.82,352.68857142857144,224,182,1,30.0,0.14285714285714285,0,0.4874305736187401,0
13269,17,9,3343.63,371.51444444444445,146,281,1,34.75,0.3333333333333333,0,1.48445263300965,0
13270,295,1,590.0,590.0,1,0,0,0.0,0.0,1,0.0,0
13272,18,1,140.96,140.96,8,0,1,0.0,1.0,1,1.0,1
13273,42,1,138.98,138.98,16,0,0,0.0,1.0,1,1.0,1
13276,28,1,137.38,137.38,7,0,1,0.0,1.0,1,1.0,1
13277,45,2,125.9,62.95,4,17,1,17.0,1.0,0,1.0,1
13279,7,1,137.75,137.75,9,0,0,0.0,1.0,1,1.0,1
13280,51,3,814.86,271.62,67,214,0,106.5,0.3333333333333333,0,0.1651509951956074,0
13282,91,2,773.1,386.55000000000007,15,58,1,58.0,0.5,0,1.0,1
13283,114,1,25.5,25.5,2,0,1,0.0,0.0,1,1.0,1
13284,259,1,201.19,201.19,13,0,0,0.0,0.0,1,0.0,0
13285,90,3,1970.1,656.6999999999999,122,128,1,64.0,0.3333333333333333,0,1.1948447270164497,0
13291,84,1,361.11,361.11,41,0,0,0.0,1.0,1,1.0,1
13292,213,1,249.57,249.57,14,0,1,0.0,0.0,1,0.0,0
13294,118,2,873.74,436.87,48,59,0,59.0,0.0,0,1.0,1
13295,288,1,201.20000000000002,201.20000000000002,10,0,0,0.0,0.0,1,0.0,0
13296,66,1,87.4,87.4,5,0,0,0.0,1.0,1,1.0,1
13299,197,1,142.5,142.5,5,0,0,0.0,0.0,1,0.0,0
13300,98,1,371.89,371.89,20,0,0,0.0,0.0,1,1.0,1
13301,32,4,618.09,154.5225,75,188,0,62.333333333333336,0.5,0,1.6693692139612446,0
13302,84,1,63.75,63.75,1,0,0,0.0,1.0,1,1.0,1
13304,280,1,300.42,300.42,21,0,0,0.0,0.0,1,0.0,0
13305,21,8,1471.25,183.90625,37,279,1,39.42857142857143,0.5,0,1.8653198653198653,0
13307,49,1,15.0,15.0,1,0,0,0.0,1.0,1,1.0,1
13308,132,1,814.95,814.95,26,0,1,0.0,0.0,1,1.0,1
13309,17,3,928.14,309.38,62,220,1,110.0,0.3333333333333333,0,0.9764275293696091,0
13310,135,2,817.65,408.82500000000005,50,117,1,117.0,0.0,0,0.0,0
13311,79,1,490.11,490.11,24,0,1,0.0,1.0,1,1.0,1
13313,70,3,918.34,306.11333333333334,32,198,1,99.0,0.3333333333333333,0,1.0042303937520336,0
13314,2,1,499.62,499.62,40,0,1,0.0,1.0,1,1.0,1
13316,8,3,4463.56,1487.8533333333335,56,174,1,87.0,0.6666666666666666,0,1.0,1
13317,127,5,1313.98,262.796,56,160,1,39.75,0.0,0,0.0,0
13319,20,19,7390.47,388.9721052631579,163,274,1,14.88888888888889,0.2631578947368421,0,0.5655664333913392,0
13320,7,4,1548.7,387.175,77,135,0,45.0,0.5,0,1.0,1
13321,1,2,567.36,283.68,10,14,0,14.0,1.0,0,1.0,1
13323,13,1,120.30000000000001,120.30000000000001,5,0,1,0.0,1.0,1,1.0,1
13324,18,9,6437.83,715.3144444444445,25,271,1,33.625,0.2222222222222222,0,2.376048982531964,0
13325,10,1,675.3,675.3,12,0,0,0.0,1.0,1,1.0,1
13327,41,7,2738.75,391.25,60,252,1,41.666666666666664,0.2857142857142857,0,0.6093041246176027,0
13328,245,1,1308.48,1308.48,17,0,0,0.0,0.0,1,0.0,0
13329,295,1,304.2,304.2,7,0,1,0.0,0.0,1,0.0,0
13330,21,3,1140.93,380.30999999999995,37,223,0,111.5,0.3333333333333333,0,1.228961943898517,0
13334,11,3,3536.82,1178.94,207,223,0,111.0,0.3333333333333333,0,0.4847992098479922,0
13336,6,1,795.12,795.12,51,0,0,0.0,1.0,1,1.0,1
13338,86,1,487.02,487.02,19,0,0,0.0,1.0,1,1.0,1
13339,129,1,860.12,860.12,54,0,0,0.0,0.0,1,1.0,1
13340,34,5,9229.54,1845.9080000000001,111,170,1,42.5,0.8,0,1.5093705054064268,0
13341,189,1,775.85,775.85,42,0,0,0.0,0.0,1,0.0,0
13343,106,1,353.43,353.43,19,0,0,0.0,0.0,1,1.0,1
13344,206,1,1656.15,1656.15,68,0,1,0.0,0.0,1,0.0,0
13345,216,1,389.5,389.5,20,0,0,0.0,0.0,1,0.0,0
13350,8,1,646.57,646.57,32,0,1,0.0,1.0,1,1.0,1
13354,0,1,743.53,743.53,51,0,0,0.0,1.0,1,1.0,1
13355,51,1,674.7,674.7,32,0,0,0.0,1.0,1,1.0,1
13356,9,1,768.24,768.24,42,0,0,0.0,1.0,1,1.0,1
13357,186,1,609.95,609.95,85,0,0,0.0,0.0,1,0.0,0
13358,197,1,439.03,439.03,29,0,0,0.0,0.0,1,0.0,0
13362,174,2,1581.53,790.7650000000001,92,41,1,41.0,0.0,0,0.0,0
13364,0,1,134.95999999999998,134.95999999999998,10,0,0,0.0,1.0,1,1.0,1
13365,146,1,700.6,700.6,39,0,1,0.0,0.0,1,1.0,1
13368,185,2,623.4,311.7,29,80,0,80.0,0.0,0,0.0,0
13369,294,1,308.28000000000003,308.28000000000003,14,0,0,0.0,0.0,1,0.0,0
13370,300,1,754.87,754.87,39,0,0,0.0,0.0,1,0.0,0
13372,18,1,378.64,378.64,23,0,0,0.0,1.0,1,1.0,1
13373,87,2,2055.58,1027.79,95,117,1,117.0,0.5,0,1.0811784954945833,0
13375,17,1,778.65,778.65,37,0,0,0.0,1.0,1,1.0,1
13376,28,3,1019.76,339.92,45,135,0,67.0,0.3333333333333333,0,1.0,1
13379,65,1,136.29,136.29,13,0,1,0.0,1.0,1,1.0,1
13381,18,5,2982.23,596.446,71,209,1,52.0,0.6,0,4.592247242315733,0
13382,209,1,222.99,222.99,15,0,0,0.0,0.0,1,0.0,0
13384,2,5,3131.4700000000003,626.294,96,104,1,25.75,0.8,0,1.0,1
13385,258,1,534.57,534.57,35,0,0,0.0,0.0,1,0.0,0
13388,60,2,677.1,338.54999999999995,35,0,0,0.0,1.0,0,1.0,1
13389,3,2,580.15,290.075,38,157,1,157.0,0.5,0,1.0,1
13390,3,1,544.08,544.08,13,0,0,0.0,1.0,1,1.0,1
13391,132,1,59.8,59.8,1,0,0,0.0,0.0,1,1.0,1
13394,7,6,1846.19,307.6983333333333,94,231,1,45.8,0.5,0,1.4362799205272951,0
13395,114,1,307.72,307.72,21,0,0,0.0,0.0,1,1.0,1
13396,248,1,387.27000000000004,387.27000000000004,15,0,1,0.0,0.0,1,0.0,0
13397,1,5,1544.13,308.826,28,266,0,66.0,0.4,0,0.936670156372036,0
13398,121,1,457.34,457.34,26,0,0,0.0,0.0,1,1.0,1
13402,56,2,621.23,310.615,32,244,0,244.0,0.5,0,1.0151485662384845,0
13404,141,1,217.81,217.81,9,0,1,0.0,0.0,1,1.0,1
13405,3,3,572.451,190.817,25,243,0,121.5,0.3333333333333333,0,0.09372696032489845,0
13408,4,46,20381.58,443.0778260869566,192,298,1,6.311111111111111,0.32608695652173914,0,1.0440292969650726,0
13410,3,4,728.66,182.165,14,216,1,72.0,0.25,0,0.4537860814551206,0
13411,36,1,213.55,213.55,17,0,0,0.0,1.0,1,1.0,1
13414,62,3,1390.5,463.5,23,162,0,81.0,0.6666666666666666,0,2.565384615384615,0
13416,10,1,275.0,275.0,11,0,1,0.0,1.0,1,1.0,1
13417,134,1,236.0,236.0,10,0,1,0.0,0.0,1,1.0,1
13418,13,16,5068.13,316.758125,201,288,1,18.866666666666667,0.3125,0,0.816531824109596,0
13420,78,2,159.85,79.925,8,20,0,20.0,0.5,0,1.0,1
13421,219,1,825.04,825.04,64,0,1,0.0,0.0,1,0.0,0
13425,37,3,1624.21,541.4033333333333,66,186,0,93.0,0.3333333333333333,0,1.1195059391886846,0
13426,18,6,2010.65,335.10833333333335,68,269,1,53.4,0.16666666666666666,0,0.7068326478269709,0
13427,49,2,464.86,232.43,19,94,1,94.0,0.5,0,1.0,1
13429,4,1,330.6,330.6,24,0,1,0.0,1.0,1,1.0,1
13430,15,1,336.31,336.31,29,0,1,0.0,1.0,1,1.0,1
13431,17,1,853.68,853.68,36,0,1,0.0,1.0,1,1.0,1
13434,3,2,534.24,267.12,9,22,0,22.0,1.0,0,1.0,1
13435,4,4,1973.02,493.255,45,113,1,37.666666666666664,0.75,0,1.0,1
13437,28,4,2173.6,543.4,108,91,1,30.0,0.5,0,1.0,1
13439,184,1,283.71,283.71,54,0,0,0.0,0.0,1,0.0,0
13441,20,1,296.64,296.64,13,0,0,0.0,1.0,1,1.0,1
13448,9,5,2489.05,497.81000000000006,130,293,1,73.0,0.2,0,1.2847963931817634,0
13450,18,5,1727.28,345.456,31,128,1,31.75,0.6,0,1.0,1
13451,55,4,2463.39,615.8475,284,208,1,69.0,0.25,0,0.8011003881979909,0
13452,188,2,590.0,295.0,1,11,0,11.0,0.0,0,0.0,0
13453,94,2,356.97999999999996,178.49,16,123,0,123.0,0.0,0,0.0,0
13455,295,1,692.94,692.94,30,0,1,0.0,0.0,1,0.0,0
13456,84,3,855.0600000000001,285.02000000000004,18,51,1,25.5,0.3333333333333333,0,1.0,1
13458,28,10,7678.42,767.842,201,260,1,28.444444444444443,0.2,0,0.26794731012127115,0
13461,67,2,884.2,442.1,12,25,1,25.0,0.5,0,1.0,1
13462,181,1,151.5,151.5,9,0,0,0.0,0.0,1,1.0,1
13466,113,1,307.9,307.9,17,0,0,0.0,0.0,1,1.0,1
13468,3,30,4855.14,161.83800000000002,164,298,1,9.758620689655173,0.26666666666666666,0,0.5284112625812205,0
13470,28,2,165.0,82.5,7,15,0,15.0,1.0,0,1.0,1
13473,261,1,241.26,241.26,12,0,1,0.0,0.0,1,0.0,0
13474,165,1,229.59,229.59,59,0,0,0.0,0.0,1,1.0,1
13475,120,4,1431.78,357.945,64,107,0,35.333333333333336,0.0,0,0.0,0
13476,107,2,1238.47,619.235,56,102,0,102.0,0.0,0,0.0,0
13477,67,4,899.55,224.8875,38,153,1,50.666666666666664,0.25,0,0.7214670981661272,0
13479,129,2,300.95,150.475,14,33,0,33.0,0.0,0,1.0,1
13481,37,4,1361.33,340.3325,74,148,1,49.0,0.5,0,0.5747053872053873,0
13482,161,1,184.64,184.64,11,0,0,0.0,0.0,1,1.0,1
13484,170,1,313.8,313.8,8,0,0,0.0,0.0,1,1.0,1
13485,162,1,454.24,454.24,23,0,0,0.0,0.0,1,1.0,1
13486,7,3,1122.41,374.1366666666666,69,76,0,38.0,1.0,0,1.0,1
13487,142,2,408.8,204.4,21,140,1,140.0,0.0,0,0.0,0
13488,1,11,7367.19,669.7445454545455,242,295,1,29.1,0.45454545454545453,0,0.4469317786413154,0
13489,34,4,449.52,112.38,11,189,0,62.666666666666664,0.5,0,0.9073319755600814,0
13491,76,9,1088.45,120.9388888888889,66,224,1,27.5,0.1111111111111111,0,0.06350661108068538,0
13492,65,3,1269.84,423.28000000000003,38,78,0,38.5,0.6666666666666666,0,1.0,1
13493,204,2,618.63,309.315,6,11,0,11.0,0.0,0,0.0,0
13494,240,1,316.26000000000005,316.26000000000005,18,0,0,0.0,0.0,1,0.0,0
13495,161,3,1072.43,357.4766666666667,20,136,1,67.5,0.0,0,0.0,0
13496,288,1,501.01,501.01,26,0,1,0.0,0.0,1,0.0,0
13497,211,2,348.05,174.025,19,85,0,85.0,0.0,0,0.0,0
13499,2,3,613.85,204.61666666666667,24,196,1,97.5,0.3333333333333333,0,0.9483663022182893,0
13500,51,1,326.4,326.4,20,0,1,0.0,1.0,1,1.0,1
13501,217,1,1340.32,1340.32,52,0,0,0.0,0.0,1,0.0,0
13502,203,2,189.16,94.58,9,48,1,48.0,0.0,0,0.0,0
13503,0,1,216.85,216.85,17,0,0,0.0,1.0,1,1.0,1
13505,1,4,4393.63,1098.4075,182,159,0,52.666666666666664,0.25,0,1.0,1
13506,245,2,458.52,229.26,26,53,0,53.0,0.0,0,0.0,0
13507,27,3,2022.79,674.2633333333333,123,47,1,23.5,1.0,0,1.0,1
13508,172,1,110.97,110.97,12,0,0,0.0,0.0,1,1.0,1
13509,28,5,705.02,141.004,24,184,1,45.5,0.4,0,0.16343753714489478,0
13510,24,2,897.81,448.905,53,88,1,88.0,0.5,0,1.0,1
13512,189,1,251.21,251.21,15,0,0,0.0,0.0,1,0.0,0
13513,55,1,205.1,205.1,10,0,0,0.0,1.0,1,1.0,1
13514,2,1,152.20000000000002,152.20000000000002,4,0,0,0.0,1.0,1,1.0,1
13515,1,4,891.12,222.78,50,175,0,57.666666666666664,0.75,0,1.0,1
13516,1,2,620.41,310.20500000000004,37,166,1,166.0,0.5,0,1.0,1
13517,35,2,1612.18,806.0899999999999,99,73,1,73.0,0.5,0,1.0,1
13518,14,1,659.4399999999999,659.4399999999999,36,0,0,0.0,1.0,1,1.0,1
13519,7,1,122.75,122.75,8,0,0,0.0,1.0,1,1.0,1
13520,66,5,2947.98,589.596,40,234,1,58.25,0.2,0,0.5786520651659568,0
13523,128,3,2369.24,789.7466666666666,92,166,1,83.0,0.0,0,0.0,0
13524,10,4,483.86,120.96500000000002,14,138,1,45.333333333333336,0.5,0,1.0,1
13525,177,1,282.88,282.88,2,0,1,0.0,0.0,1,1.0,1
13527,18,6,1861.14,310.19,131,237,1,47.2,0.6666666666666666,0,10.0,0
13529,7,2,307.76,153.88,15,125,0,125.0,0.5,0,1.0,1
13531,134,2,483.8,241.89999999999998,17,161,0,161.0,0.0,0,0.0,0
13533,111,3,270.79,90.26333333333332,61,84,0,42.0,0.0,0,0.0,0
13534,36,21,4371.53,208.16809523809522,101,250,1,12.15,0.19047619047619047,0,0.9186554839545353,0
13536,4,1,455.17,455.17,25,0,1,0.0,1.0,1,1.0,1
13538,23,6,990.75,165.125,8,221,1,43.8,0.5,0,0.7361689470553242,0
13539,14,3,631.34,210.4466666666667,35,223,0,111.0,0.3333333333333333,0,1.9237659963436928,0
13544,169,1,122.91,122.91,42,0,1,0.0,0.0,1,1.0,1
13546,129,1,188.16,188.16,26,0,1,0.0,0.0,1,1.0,1
13548,25,2,682.41,341.205,114,147,0,147.0,0.5,0,1.0,1
13549,71,5,762.05,152.41,34,99,1,24.5,0.4,0,1.0,1
13551,248,1,91.80000000000001,91.80000000000001,4,0,0,0.0,0.0,1,0.0,0
13552,15,11,3314.55,301.32272727272726,73,229,1,22.7,0.36363636363636365,0,1.3228489300542958,0
13555,2,4,4149.28,1037.32,128,128,0,42.666666666666664,0.5,0,1.0,1
13557,209,1,240.68,240.68,16,0,1,0.0,0.0,1,0.0,0
13561,144,1,141.85999999999999,141.85999999999999,14,0,0,0.0,0.0,1,1.0,1
13562,10,3,1799.33,599.7766666666666,50,163,0,81.5,0.6666666666666666,0,1.0,1
13563,13,2,777.53,388.765,49,55,0,55.0,1.0,0,1.0,1
13564,73,3,1749.02,583.0066666666667,68,223,0,111.0,0.3333333333333333,0,0.45948697408167677,0
13565,263,1,110.17999999999999,110.17999999999999,13,0,1,0.0,0.0,1,0.0,0
13566,11,1,585.1800000000001,585.1800000000001,97,0,1,0.0,1.0,1,1.0,1
13568,102,1,192.85,192.85,41,0,0,0.0,0.0,1,1.0,1
13569,296,1,118.32,118.32,23,0,1,0.0,0.0,1,0.0,0
13570,172,1,239.49,239.49,27,0,0,0.0,0.0,1,1.0,1
13571,21,7,1083.83,154.83285714285714,110,160,1,26.333333333333332,0.42857142857142855,0,1.0,1
13572,134,1,1384.25,1384.25,32,0,0,0.0,0.0,1,1.0,1
13573,182,1,31.770000000000003,31.770000000000003,3,0,1,0.0,0.0,1,1.0,1
13575,62,2,218.75,109.375,13,42,1,42.0,0.5,0,1.0,1
13576,0,14,5343.38,381.67,41,301,1,22.692307692307693,0.35714285714285715,0,0.9239817972715735,0
13577,21,3,1193.8,397.93333333333334,49,149,1,74.0,0.6666666666666666,0,1.0,1
13579,298,1,164.70000000000002,164.70000000000002,9,0,1,0.0,0.0,1,0.0,0
13581,238,1,118.0,118.0,10,0,0,0.0,0.0,1,0.0,0
13583,84,1,781.03,781.03,53,0,0,0.0,1.0,1,1.0,1
13584,235,1,142.4,142.4,24,0,0,0.0,0.0,1,0.0,0
13588,15,5,1605.94,321.188,109,168,1,41.5,0.8,0,10.0,0
13589,108,1,147.0,147.0,9,0,1,0.0,0.0,1,1.0,1
13590,79,4,1116.38,279.095,46,152,1,50.666666666666664,0.25,0,0.6611984727884552,0
13591,133,2,776.23,388.115,36,62,1,62.0,0.0,0,0.0,0
13592,134,3,205.51,68.50333333333333,12,58,1,29.0,0.0,0,0.0,0
13593,37,5,2037.0800000000002,407.41600000000005,77,227,0,56.75,0.4,0,0.9913778777066329,0
13599,13,10,2833.88,283.38800000000003,84,281,1,30.88888888888889,0.3,0,0.6358450731257917,0
13600,241,1,219.52,219.52,19,0,0,0.0,0.0,1,0.0,0
13601,140,1,373.2,373.2,41,0,1,0.0,0.0,1,1.0,1
13606,172,2,250.42,125.21000000000001,37,68,1,68.0,0.0,0,0.0,0
13610,39,5,776.21,155.24200000000002,140,174,1,43.0,0.4,0,1.2620311912029099,0
13611,18,3,1171.8,390.6000000000001,67,270,0,135.0,0.3333333333333333,0,1.7650667986145472,0
13614,18,3,1097.13,365.71000000000004,96,241,1,120.0,0.3333333333333333,0,1.4685297691373025,0
13615,247,1,417.69,417.69,23,0,0,0.0,0.0,1,0.0,0
13617,42,2,365.7,182.85,23,67,1,67.0,0.5,0,1.0,1
13618,102,1,177.34,177.34,13,0,0,0.0,0.0,1,1.0,1
13621,45,1,213.85,213.85,19,0,0,0.0,1.0,1,1.0,1
13623,139,4,551.92,137.98000000000002,61,87,1,28.666666666666668,0.0,0,0.0,0
13626,181,1,257.23,257.23,19,0,0,0.0,0.0,1,1.0,1
13627,8,4,1334.18,333.545,79,278,1,92.0,0.25,0,0.9871139818117546,0
13629,28,8,5718.36,714.795,27,239,1,33.714285714285715,0.375,0,1.4402526315789475,0
13630,4,6,1799.78,299.9633333333333,50,209,1,41.4,0.3333333333333333,0,2.4745604064986293,0
13631,28,11,3070.42,279.1290909090909,6,167,0,16.5,0.2727272727272727,0,9.74625,0
13632,102,3,814.6,271.53333333333336,70,69,1,34.5,0.0,0,1.0,1
13634,15,4,1372.28,343.07,131,240,1,79.66666666666667,0.5,0,2.063176795580111,0
13636,51,4,646.55,161.6375,36,163,1,54.0,0.25,0,0.3601164982011307,0
13637,116,2,684.85,342.425,75,39,1,39.0,0.0,0,1.0,1
13639,3,1,1033.34,1033.34,39,0,0,0.0,1.0,1,1.0,1
13642,144,1,354.8,354.8,57,0,0,0.0,0.0,1,1.0,1
13643,27,2,259.40000000000003,129.7,13,86,1,86.0,0.5,0,1.0,1
13644,2,2,1398.6100000000001,699.3050000000001,81,31,1,31.0,1.0,0,1.0,1
13645,49,1,252.1,252.1,5,0,0,0.0,1.0,1,1.0,1
13647,0,3,1275.9,425.3,53,163,1,81.5,0.3333333333333333,0,1.0,1
13649,185,2,346.6,173.3,23,109,0,109.0,0.0,0,0.0,0
13650,17,3,1063.48,354.49333333333334,46,179,1,89.0,0.3333333333333333,0,0.8544555519724819,0
13652,185,2,638.24,319.12,33,112,1,112.0,0.0,0,0.0,0
13654,74,4,1714.27,428.5675,100,128,1,42.333333333333336,0.25,0,1.7301952513341643,0
13655,43,2,932.97,466.485,52,127,0,127.0,0.5,0,1.0,1
13656,93,2,379.65,189.825,49,172,0,172.0,0.0,0,0.0,0
13657,130,1,152.34,152.34,9,0,1,0.0,0.0,1,1.0,1
13658,14,3,2096.77,698.9233333333333,76,118,1,59.0,0.6666666666666666,0,1.0,1
13659,134,2,1573.2,786.6,92,115,0,115.0,0.0,0,0.0,0
13662,14,3,897.76,299.25333333333333,50,173,0,86.5,0.3333333333333333,0,1.602195871761089,0
13663,108,1,189.47,189.47,13,0,0,0.0,0.0,1,1.0,1
13666,216,2,64.05,32.025000000000006,8,0,1,0.0,0.0,0,0.0,0
13667,78,1,305.02,305.02,82,0,0,0.0,1.0,1,1.0,1
13668,42,16,4934.87,308.429375,218,249,1,16.066666666666666,0.1875,0,0.30842108560713544,0
13669,78,1,48.150000000000006,48.150000000000006,3,0,1,0.0,1.0,1,1.0,1
13670,4,1,349.7,349.7,25,0,0,0.0,1.0,1,1.0,1
13672,230,2,186.39000000000001,93.19500000000001,4,30,0,30.0,0.0,0,0.0,0
13675,80,2,486.82000000000005,243.41000000000003,25,133,0,133.0,0.5,0,0.5783296589288028,0
13678,80,1,232.6,232.6,16,0,0,0.0,1.0,1,1.0,1
13680,266,2,2391.59,1195.795,69,1,1,1.0,0.0,0,0.0,0
13681,84,1,203.46,203.46,13,0,1,0.0,1.0,1,1.0,1
13682,116,1,59.5,59.5,3,0,0,0.0,0.0,1,1.0,1
13684,214,1,67.23,67.23,29,0,0,0.0,0.0,1,0.0,0
13686,111,1,72.0,72.0,8,0,0,0.0,0.0,1,1.0,1
13692,142,2,871.58,435.79,32,22,1,22.0,0.0,0,1.0,1
13694,0,42,51527.06,1226.8347619047618,326,301,1,6.975609756097561,0.3333333333333333,0,1.0189179071634382,0
13695,10,13,2096.95,161.30384615384614,37,178,1,14.416666666666666,0.5384615384615384,0,10.0,0
13699,84,1,308.58000000000004,308.58000000000004,14,0,0,0.0,1.0,1,1.0,1
13700,21,8,1651.26,206.4075,138,234,1,33.285714285714285,0.25,0,0.8871239470517446,0
13703,247,1,99.5,99.5,1,0,0,0.0,0.0,1,0.0,0
13704,2,5,1289.4,257.88,66,14,1,3.5,1.0,0,1.0,1
13705,73,2,522.68,261.34,20,228,1,228.0,0.5,0,0.6429244986483937,0
13706,231,1,330.79,330.79,20,0,0,0.0,0.0,1,0.0,0
13707,196,2,806.41,403.205,48,48,0,48.0,0.0,0,0.0,0
13708,200,1,296.88,296.88,49,0,0,0.0,0.0,1,0.0,0
13709,30,5,2939.21,587.842,125,213,1,53.0,0.4,0,2.9495049504950503,0
13711,147,2,252.06,126.03,11,0,0,0.0,0.0,0,1.0,1
13712,175,1,228.84,228.84,10,0,0,0.0,0.0,1,1.0,1
13715,210,5,1079.34,215.86800000000002,89,91,0,22.5,0.0,0,0.0,0
13716,198,1,138.28,138.28,21,0,0,0.0,0.0,1,0.0,0
13717,57,4,955.99,238.9975,64,169,1,56.0,0.25,0,0.6769669518537159,0
13718,175,2,306.55,153.275,9,49,0,49.0,0.0,0,0.0,0
13719,134,2,338.74,169.37,19,28,1,28.0,0.0,0,1.0,1
13720,45,4,799.9,199.975,42,138,0,45.333333333333336,0.25,0,1.0,1
13722,60,3,2375.41,791.8033333333333,75,151,0,75.5,0.6666666666666666,0,0.623135424709765,0
13723,146,1,199.85000000000002,199.85000000000002,6,0,0,0.0,0.0,1,1.0,1
13725,98,7,1865.7,266.5285714285714,86,139,1,22.833333333333332,0.0,0,0.0,0
13726,29,1,292.68,292.68,23,0,1,0.0,1.0,1,1.0,1
13728,36,5,797.02,159.404,29,203,1,50.0,0.4,0,1.9112750662126372,0
13730,64,2,752.6,376.29999999999995,38,25,0,25.0,1.0,0,1.0,1
13731,148,2,610.59,305.295,36,27,0,27.0,0.0,0,1.0,1
13735,104,2,1409.69,704.845,88,58,1,58.0,0.0,0,1.0,1
13736,189,1,357.53,357.53,73,0,1,0.0,0.0,1,0.0,0
13737,129,1,339.59999999999997,339.59999999999997,29,0,0,0.0,0.0,1,1.0,1
13740,169,1,350.75,350.75,23,0,0,0.0,0.0,1,1.0,1
13741,0,3,668.4300000000001,222.81000000000003,34,145,0,72.5,0.3333333333333333,0,1.0,1
13742,18,11,2791.62,253.78363636363636,164,230,1,22.6,0.18181818181818182,0,0.29248802643149246,0
13743,17,6,1065.84,177.64,8,170,1,33.6,0.6666666666666666,0,5.0287891617273495,0
13744,24,2,1156.36,578.18,54,197,0,197.0,0.5,0,0.29468404317255587,0
13745,91,1,300.04,300.04,25,0,0,0.0,1.0,1,1.0,1
13747,302,1,79.6,79.6,1,0,0,0.0,0.0,1,0.0,0
13748,24,5,948.25,189.65,24,278,0,69.25,0.4,0,1.8009803921568626,0
13750,69,4,1316.63,329.1575,16,196,1,64.66666666666667,0.25,0,0.47247386759581883,0
13751,217,1,296.25,296.25,9,0,0,0.0,0.0,1,0.0,0
13752,53,6,1186.28,197.71333333333337,64,122,0,24.0,0.3333333333333333,0,1.0,1
13753,216,1,741.26,741.26,35,0,0,0.0,0.0,1,0.0,0
13754,80,2,282.59999999999997,141.3,11,165,0,165.0,0.5,0,0.8115384615384615,0
13756,22,8,2972.3300000000004,371.54125,55,274,1,38.57142857142857,0.375,0,1.2549980087614494,0
13758,130,5,2351.52,470.304,87,172,1,42.5,0.0,0,0.0,0
13759,0,1,560.4100000000001,560.4100000000001,24,0,1,0.0,1.0,1,1.0,1
13760,185,1,135.09,135.09,28,0,1,0.0,0.0,1,0.0,0
13761,108,1,491.71000000000004,491.71000000000004,32,0,1,0.0,0.0,1,1.0,1
13762,147,1,306.72,306.72,7,0,0,0.0,0.0,1,1.0,1
13764,73,2,945.63,472.815,123,193,0,193.0,0.5,0,0.8916761687571269,0
13767,9,33,13303.37,403.1324242424243,55,293,1,8.71875,0.2727272727272727,0,1.2970109705537405,0
13769,21,8,2176.62,272.0775,61,275,1,39.0,0.375,0,0.785927707724336,0
13771,128,2,1464.8500000000001,732.425,65,47,1,47.0,0.0,0,1.0,1
13772,25,2,686.22,343.11,96,142,1,142.0,0.5,0,1.0,1
13774,10,1,345.0,345.0,22,0,0,0.0,1.0,1,1.0,1
13777,6,27,13021.5,482.27777777777777,36,295,1,10.961538461538462,0.18518518518518517,0,0.13496790385636365,0
13778,32,1,178.7,178.7,9,0,0,0.0,1.0,1,1.0,1
13780,99,1,116.28000000000002,116.28000000000002,9,0,1,0.0,0.0,1,1.0,1
13781,179,1,127.84,127.84,17,0,0,0.0,0.0,1,1.0,1
13782,53,3,487.93,162.64333333333332,59,203,1,101.0,0.3333333333333333,0,0.6597374179431073,0
13784,23,9,2124.15,236.01666666666668,9,237,1,29.375,0.2222222222222222,0,1.1533103496798707,0
13786,296,1,230.39999999999998,230.39999999999998,7,0,0,0.0,0.0,1,0.0,0
13787,4,2,309.04,154.52,24,288,0,288.0,0.5,0,1.9045112781954885,0
13791,56,2,1516.0,758.0,7,40,0,40.0,0.5,0,1.0,1
13792,216,1,74.60000000000001,74.60000000000001,4,0,1,0.0,0.0,1,0.0,0
13798,1,45,30421.5,676.0333333333333,97,299,1,6.318181818181818,0.2,0,0.4183618206489395,0
13799,45,2,688.86,344.42999999999995,32,177,0,177.0,0.5,0,1.0159789288849872,0
13800,238,1,558.32,558.32,33,0,0,0.0,0.0,1,0.0,0
13802,67,3,4599.42,1533.14,55,172,0,86.0,0.3333333333333333,0,1.5141790583042878,0
13803,184,1,277.07,277.07,17,0,0,0.0,0.0,1,0.0,0
13804,7,5,2282.98,456.596,114,211,1,52.5,0.8,0,2.1548996033884724,0
13805,58,1,500.24,500.24,6,0,1,0.0,1.0,1,1.0,1
13807,296,1,112.6,112.6,7,0,0,0.0,0.0,1,0.0,0
13808,22,2,723.1,361.55,33,3,1,3.0,1.0,0,1.0,1
13809,234,1,155.05,155.05,11,0,0,0.0,0.0,1,0.0,0
13811,112,3,814.5,271.5,7,55,0,27.0,0.0,0,1.0,1
13812,34,1,278.74,278.74,20,0,1,0.0,1.0,1,1.0,1
13813,18,2,677.38,338.69,29,45,1,45.0,1.0,0,1.0,1
13814,21,2,1579.12,789.56,37,44,0,44.0,1.0,0,1.0,1
13815,101,2,2977.75,1488.875,110,146,1,146.0,0.0,0,0.0,0
13817,280,1,128.7,128.7,9,0,1,0.0,0.0,1,0.0,0
13819,230,3,1140.35,380.1166666666666,26,18,0,8.5,0.0,0,0.0,0
13821,73,2,385.64,192.82,51,116,0,116.0,0.5,0,0.42750323894132897,0
13823,20,1,650.42,650.42,26,0,1,0.0,1.0,1,1.0,1
13824,64,4,1429.84,357.46000000000004,26,174,1,57.666666666666664,0.25,0,0.4444996387283237,0
13826,105,1,189.5,189.5,10,0,0,0.0,0.0,1,1.0,1
13827,62,2,300.76,150.38,59,9,1,9.0,1.0,0,1.0,1
13831,16,5,1795.59,359.118,57,281,1,69.75,0.4,0,1.7098039215686271,0
13833,88,1,384.8,384.8,28,0,0,0.0,1.0,1,1.0,1
13835,84,2,537.34,268.66999999999996,28,59,1,59.0,0.5,0,1.0,1
13837,140,2,271.24,135.62,17,105,0,105.0,0.0,0,0.0,0
13838,46,3,479.59,159.86333333333334,106,252,1,126.0,0.6666666666666666,0,1.0141531225064047,0
13841,181,1,85.0,85.0,1,0,0,0.0,0.0,1,1.0,1
13842,1,8,2803.93,350.49125,122,294,1,41.42857142857143,0.25,0,0.8004759560150994,0
13846,171,2,663.9300000000001,331.965,43,117,1,117.0,0.0,0,0.0,0
13848,21,3,1255.0,418.3333333333333,3,273,0,136.5,0.3333333333333333,0,0.3422459893048128,0
13849,99,1,593.5799999999999,593.5799999999999,38,0,1,0.0,0.0,1,1.0,1
13850,58,1,1595.48,1595.48,93,0,0,0.0,1.0,1,1.0,1
13851,24,3,2651.46,883.82,77,192,0,95.5,0.6666666666666666,0,9.764290354011044,0
13854,17,21,6771.36,322.44571428571425,36,277,1,13.4,0.23809523809523808,0,0.5042641988749773,0
13856,97,3,388.5,129.5,10,34,0,17.0,0.0,0,1.0,1
13859,255,1,201.16,201.16,27,0,0,0.0,0.0,1,0.0,0
13860,15,1,405.88,405.88,24,0,1,0.0,1.0,1,1.0,1
13862,1,7,2089.7,298.5285714285714,93,259,1,42.666666666666664,0.42857142857142855,0,1.3805553509611843,0
13863,176,1,305.78,305.78,20,0,0,0.0,0.0,1,1.0,1
13865,65,3,383.34000000000003,127.78000000000002,23,152,1,76.0,0.3333333333333333,0,0.8176804541768045,0
13866,3,1,145.67000000000002,145.67000000000002,7,0,0,0.0,1.0,1,1.0,1
13867,3,2,592.84,296.42,34,143,1,143.0,0.5,0,1.0,1
13869,52,4,3104.95,776.2375,234,233,0,77.66666666666667,0.25,0,0.9590084292348072,0
13870,30,5,2179.4700000000003,435.89400000000006,82,186,1,46.25,0.4,0,2.355513482712351,0
13871,21,9,4612.64,512.5155555555556,120,216,1,26.625,0.4444444444444444,0,1.766602916567058,0
13873,48,3,389.6,129.86666666666667,21,190,0,94.5,0.3333333333333333,0,1.3108275010292303,0
13874,287,1,540.45,540.45,18,0,0,0.0,0.0,1,0.0,0
13875,62,4,1424.8,356.2,66,167,1,55.333333333333336,0.25,0,0.522057102738123,0
13877,15,1,117.24,117.24,3,0,0,0.0,1.0,1,1.0,1
13880,16,11,2501.02,227.36545454545455,99,279,1,27.6,0.45454545454545453,0,2.285868923440268,0
13881,0,12,9724.18,810.3483333333334,65,240,1,21.454545454545453,0.4166666666666667,0,2.651685459381841,0
13883,147,4,1742.78,435.695,94,34,1,11.333333333333334,0.0,0,1.0,1
13884,18,4,540.5,135.125,41,194,1,64.33333333333333,0.25,0,1.754140127388535,0
13885,118,2,506.8,253.39999999999998,28,11,0,11.0,0.0,0,1.0,1
13886,0,1,243.56,243.56,16,0,0,0.0,1.0,1,1.0,1
13887,133,1,349.55,349.55,19,0,0,0.0,0.0,1,1.0,1
13888,48,2,605.63,302.815,38,98,0,98.0,0.5,0,1.0,1
13889,21,1,416.90000000000003,416.90000000000003,15,0,0,0.0,1.0,1,1.0,1
13890,36,2,501.11,250.555,25,251,1,251.0,0.5,0,1.6325715786708694,0
13892,175,1,54.519999999999996,54.519999999999996,3,0,1,0.0,0.0,1,1.0,1
13893,226,1,821.1,821.1,21,0,0,0.0,0.0,1,0.0,0
13894,239,1,160.85,160.85,10,0,1,0.0,0.0,1,0.0,0
13895,72,2,937.3000000000001,468.65000000000003,39,21,1,21.0,0.5,0,1.0,1
13898,254,1,155.93,155.93,12,0,0,0.0,0.0,1,0.0,0
13899,203,1,298.5,298.5,15,0,1,0.0,0.0,1,0.0,0
13900,112,3,740.95,246.98333333333335,42,79,0,39.5,0.0,0,0.0,0
13901,1,5,2867.2,573.44,144,246,0,61.25,0.6,0,3.422643837729446,0
13904,223,1,201.12,201.12,17,0,1,0.0,0.0,1,0.0,0
13908,8,4,2369.55,592.3875,104,196,0,65.33333333333333,0.5,0,3.101693548387097,0
13911,73,8,2437.63,304.70375,120,163,1,22.857142857142858,0.25,0,0.8718673875586715,0
13917,120,1,65.38,65.38,5,0,1,0.0,0.0,1,1.0,1
13918,182,1,198.2,198.2,8,0,1,0.0,0.0,1,1.0,1
13919,50,1,213.15,213.15,16,0,1,0.0,1.0,1,1.0,1
13922,280,1,172.25,172.25,7,0,0,0.0,0.0,1,0.0,0
13924,1,1,679.03,679.03,39,0,1,0.0,1.0,1,1.0,1
13925,21,4,678.25,169.5625,28,42,0,14.0,1.0,0,1.0,1
13927,3,1,348.99,348.99,21,0,0,0.0,1.0,1,1.0,1
13928,35,2,225.45000000000002,112.725,13,26,1,26.0,1.0,0,1.0,1
13929,98,2,842.65,421.325,8,157,0,157.0,0.0,0,0.0,0
13930,65,1,210.0,210.0,10,0,1,0.0,1.0,1,1.0,1
13931,24,2,1237.53,618.7650000000001,56,185,0,185.0,0.5,0,2.2720710716268746,0
13932,223,1,307.4,307.4,16,0,0,0.0,0.0,1,0.0,0
13933,38,2,608.7900000000001,304.395,23,39,0,39.0,1.0,0,1.0,1
13934,192,1,922.1,922.1,31,0,0,0.0,0.0,1,0.0,0
13936,108,1,376.58,376.58,26,0,0,0.0,0.0,1,1.0,1
13937,98,1,158.85,158.85,9,0,0,0.0,0.0,1,1.0,1
13939,37,2,390.21,195.10500000000002,32,203,1,203.0,0.5,0,1.1149593495934957,0
13940,45,2,391.06,195.53,25,27,1,27.0,1.0,0,1.0,1
13941,18,4,3859.3,964.8249999999999,23,283,1,94.0,0.25,0,0.4851625325631442,0
13946,8,3,561.5699999999999,187.19000000000003,11,188,0,94.0,0.3333333333333333,0,0.3602573266619014,0
13948,289,1,102.0,102.0,3,0,0,0.0,0.0,1,0.0,0
13949,6,2,909.26,454.63,59,16,1,16.0,1.0,0,1.0,1
13950,2,2,323.65999999999997,161.82999999999998,15,173,1,173.0,0.5,0,1.0,1
13951,105,3,674.45,224.8166666666667,38,118,0,58.5,0.0,0,0.0,0
13952,146,2,3251.071,1625.5355,120,20,0,20.0,0.0,0,1.0,1
13953,44,5,2604.36,520.8720000000001,8,236,1,58.75,0.2,0,0.35436,0
13955,83,2,322.96,161.48,33,151,0,151.0,0.5,0,0.5746465138956606,0
13956,67,3,680.27,226.75666666666666,95,133,1,66.5,0.3333333333333333,0,3.2292014700968923,0
13959,8,3,598.2,199.4,79,283,0,141.0,0.3333333333333333,0,0.7727596017069701,0
13960,0,1,128.1,128.1,4,0,1,0.0,1.0,1,1.0,1
13962,174,1,117.6,117.6,7,0,1,0.0,0.0,1,1.0,1
13963,237,4,664.54,166.135,35,59,0,19.333333333333332,0.0,0,0.0,0
13967,74,1,80.7,80.7,2,0,0,0.0,1.0,1,1.0,1
13969,36,11,3911.35,355.57727272727277,221,257,1,25.3,0.2727272727272727,0,1.6838244390014596,0
13971,35,6,1985.9,330.98333333333335,95,179,1,35.4,0.3333333333333333,0,1.0966055816558289,0
13972,130,1,145.9,145.9,9,0,0,0.0,0.0,1,1.0,1
13973,216,1,264.7,264.7,11,0,0,0.0,0.0,1,0.0,0
13975,57,4,1497.71,374.4275,166,148,1,48.666666666666664,0.5,0,0.7898226177146564,0
13976,135,1,357.98,357.98,10,0,0,0.0,0.0,1,1.0,1
13979,2,1,869.87,869.87,54,0,0,0.0,1.0,1,1.0,1
13982,92,3,1230.1399999999999,410.0466666666666,45,202,1,100.5,0.0,0,0.0,0
13983,17,9,2063.54,229.28222222222223,80,278,1,34.25,0.1111111111111111,0,0.3084665387034856,0
13984,55,4,819.33,204.8325,10,239,1,79.33333333333333,0.25,0,0.35856014047410006,0
13985,0,8,3791.26,473.9075,79,192,1,26.857142857142858,0.625,0,6.681832061068703,0
13988,1,4,3185.31,796.3275,154,181,1,60.0,0.5,0,1.0,1
13989,168,1,896.6700000000001,896.6700000000001,23,0,1,0.0,0.0,1,1.0,1
13990,142,1,311.3,311.3,16,0,0,0.0,0.0,1,1.0,1
13991,4,2,340.29,170.14499999999998,35,68,1,68.0,1.0,0,1.0,1
13993,18,7,2632.31,376.0442857142857,61,241,1,39.666666666666664,0.42857142857142855,0,1.3848088959105547,0
13994,6,3,780.63,260.21,36,70,1,34.5,1.0,0,1.0,1
13995,44,3,871.9,290.6333333333333,39,130,1,65.0,0.6666666666666666,0,1.0,1
13999,24,9,2868.9700000000003,318.7744444444445,90,265,1,32.875,0.4444444444444444,0,2.1438412333934718,0
14000,140,1,635.66,635.66,15,0,0,0.0,0.0,1,1.0,1
14001,161,2,1309.14,654.5699999999999,21,140,1,140.0,0.0,0,0.0,0
14002,63,2,529.73,264.865,47,22,0,22.0,1.0,0,1.0,1
14004,7,6,3769.4900000000002,628.2483333333333,86,210,1,41.6,0.6666666666666666,0,2.5434212573053934,0
14005,4,4,977.68,244.42000000000002,40,140,1,46.333333333333336,0.5,0,1.0,1
14006,44,3,962.19,320.73,22,196,0,98.0,0.3333333333333333,0,0.9857443174352911,0
14009,127,2,695.61,347.805,42,7,0,7.0,0.0,0,1.0,1
14012,206,1,328.8,328.8,11,0,0,0.0,0.0,1,0.0,0
14013,39,3,473.02,157.67333333333332,30,165,0,82.5,0.6666666666666666,0,2.991729957805907,0
14014,6,1,505.18,505.18,39,0,0,0.0,1.0,1,1.0,1
14016,90,4,4341.21,1085.3025,154,195,0,64.66666666666667,0.25,0,0.43767310536458576,0
14019,27,2,800.53,400.265,28,39,1,39.0,1.0,0,1.0,1
14020,17,1,331.14,331.14,18,0,1,0.0,1.0,1,1.0,1
14021,84,3,631.9,210.63333333333333,22,101,0,50.0,0.3333333333333333,0,0.6546003016591252,0
14022,154,1,440.0,440.0,28,0,0,0.0,0.0,1,1.0,1
14023,179,1,273.14,273.14,16,0,1,0.0,0.0,1,1.0,1
14024,50,2,327.7,163.85,16,2,0,2.0,1.0,0,1.0,1
14029,73,1,165.20000000000002,165.20000000000002,6,0,1,0.0,1.0,1,1.0,1
14030,18,7,1816.81,259.5442857142857,164,276,1,45.666666666666664,0.2857142857142857,0,0.3881044595569923,0
14031,3,14,11219.15,801.3678571428571,104,298,1,22.53846153846154,0.14285714285714285,0,0.5304721655815966,0
14032,16,7,2147.57,306.7957142857143,45,279,1,46.0,0.14285714285714285,0,0.32527500914903235,0
14034,86,2,473.90999999999997,236.95499999999998,23,0,1,0.0,1.0,0,1.0,1
14035,36,3,837.26,279.08666666666664,18,190,1,94.5,0.3333333333333333,0,0.19509549230637468,0
14036,213,1,626.65,626.65,38,0,0,0.0,0.0,1,0.0,0
14037,105,2,147.20000000000002,73.6,27,188,0,188.0,0.0,0,0.0,0
14038,7,3,1560.38,520.1266666666667,64,128,0,64.0,0.6666666666666666,0,1.0,1
14040,23,10,2748.31,274.831,122,236,1,25.88888888888889,0.4,0,0.8667468956840435,0
14041,195,1,141.41,141.41,21,0,0,0.0,0.0,1,0.0,0
14044,32,3,542.11,180.70333333333335,144,206,1,103.0,0.6666666666666666,0,2.1202371359502705,0
14045,38,4,1659.75,414.9375,4,264,0,87.66666666666667,0.25,0,0.32594367884961056,0
14046,213,1,154.99,154.99,14,0,0,0.0,0.0,1,0.0,0
14047,2,4,957.46,239.365,17,299,1,99.33333333333333,0.25,0,1.08547701033016,0
14048,234,1,409.93,409.93,83,0,0,0.0,0.0,1,0.0,0
14049,87,3,3285.39,1095.1299999999999,211,159,1,79.0,0.3333333333333333,0,0.2199296395724102,0
14050,35,1,485.98,485.98,37,0,1,0.0,1.0,1,1.0,1
14051,20,16,9271.84,579.49,43,274,1,17.866666666666667,0.25,0,0.7199624949770057,0
14053,53,2,260.25,130.125,2,35,0,35.0,1.0,0,1.0,1
14055,35,1,725.6400000000001,725.6400000000001,10,0,0,0.0,1.0,1,1.0,1
14056,13,18,5640.52,313.3622222222223,274,200,1,11.235294117647058,0.3888888888888889,0,1.5179323906732838,0
14057,18,14,5143.54,367.3957142857143,161,271,1,20.307692307692307,0.42857142857142855,0,1.2696715953948214,0
14059,195,1,183.6,183.6,8,0,0,0.0,0.0,1,0.0,0
14060,8,16,5135.6,320.975,82,293,1,19.066666666666666,0.3125,0,0.8402286310138742,0
14062,0,11,9225.470000000001,838.679090909091,57,292,1,28.8,0.36363636363636365,0,1.301774001337041,0
14064,42,4,1097.6799999999998,274.41999999999996,44,161,1,53.333333333333336,0.25,0,1.380070213340535,0
14066,195,1,152.55,152.55,7,0,0,0.0,0.0,1,0.0,0
14067,25,1,224.67,224.67,25,0,1,0.0,1.0,1,1.0,1
14068,249,1,265.85,265.85,22,0,0,0.0,0.0,1,0.0,0
14071,189,2,356.81,178.405,22,4,1,4.0,0.0,0,0.0,0
14075,190,1,307.92,307.92,18,0,1,0.0,0.0,1,0.0,0
14076,58,1,122.47,122.47,43,0,0,0.0,1.0,1,1.0,1
14077,7,4,366.7,91.675,33,195,1,64.66666666666667,0.25,0,0.48074459909486805,0
14078,30,6,1049.37,174.89499999999998,46,271,0,53.8,0.16666666666666666,0,0.7230402559665676,0
14079,53,1,375.1,375.1,12,0,0,0.0,1.0,1,1.0,1
14081,231,2,934.52,467.26,126,67,0,67.0,0.0,0,0.0,0
14082,293,1,182.25,182.25,28,0,0,0.0,0.0,1,0.0,0
14083,55,7,548.92,78.41714285714286,92,245,1,40.5,0.2857142857142857,0,0.12534525290434123,0
14085,70,12,3248.19,270.6825,228,227,1,20.09090909090909,0.08333333333333333,0,0.11509010720097884,0
14088,57,7,25507.89,3643.9842857142858,232,193,1,31.666666666666668,0.42857142857142855,0,1.3412870398719134,0
14090,253,1,76.32000000000001,76.32000000000001,1,0,0,0.0,0.0,1,0.0,0
14092,28,10,2745.42,274.54200000000003,96,258,1,28.22222222222222,0.2,0,0.576780642766503,0
14096,3,6,9286.7,1547.783333333333,585,27,1,5.0,1.0,0,1.0,1
14099,49,8,2309.92,288.74,143,234,1,33.0,0.25,0,0.7140937793900307,0
14100,66,1,194.9,194.9,24,0,0,0.0,1.0,1,1.0,1
14101,2,6,5976.79,996.1316666666667,15,252,0,50.0,0.3333333333333333,0,0.5922512652225912,0
14104,83,2,216.20999999999998,108.10499999999999,21,11,0,11.0,0.5,0,1.0,1
14105,168,1,1266.23,1266.23,74,0,0,0.0,0.0,1,1.0,1
14107,25,6,2461.94,410.3233333333333,58,268,1,53.2,0.16666666666666666,0,0.531877781275792,0
14108,30,1,291.33,291.33,16,0,1,0.0,1.0,1,1.0,1
14109,1,1,144.2,144.2,9,0,0,0.0,1.0,1,1.0,1
14110,15,7,4165.61,595.0871428571429,86,180,1,29.666666666666668,0.5714285714285714,0,2.30505606794506,0
14111,24,3,295.5,98.5,5,146,1,72.5,0.6666666666666666,0,1.0,1
14112,59,4,1900.82,475.20500000000004,89,145,1,48.0,0.25,0,1.2126397666504622,0
14113,7,2,926.38,463.19000000000005,8,276,1,276.0,0.5,0,1.1369780853517877,0
14114,202,2,386.53,193.265,15,56,0,56.0,0.0,0,0.0,0
14116,21,2,628.87,314.435,29,28,1,28.0,1.0,0,1.0,1
14117,72,1,90.0,90.0,3,0,0,0.0,1.0,1,1.0,1
14124,13,1,419.58000000000004,419.58000000000004,4,0,0,0.0,1.0,1,1.0,1
14125,7,1,1295.43,1295.43,84,0,1,0.0,1.0,1,1.0,1
14127,51,3,709.71,236.57000000000002,39,187,0,93.0,0.3333333333333333,0,0.5693563009972803,0
14128,184,1,305.54,305.54,22,0,1,0.0,0.0,1,0.0,0
14129,24,3,726.23,242.07666666666668,28,165,1,82.5,0.6666666666666666,0,1.0234884368904988,0
14130,248,1,483.86,483.86,66,0,0,0.0,0.0,1,0.0,0
14132,16,6,1900.2,316.7,59,96,1,19.0,0.8333333333333334,0,1.0,1
14133,58,3,605.64,201.88,25,186,0,93.0,0.6666666666666666,0,0.9045283018867926,0
14135,4,11,3514.32,319.4836363636364,82,297,1,29.4,0.18181818181818182,0,0.5921155024256172,0
14141,2,2,489.31,244.65500000000003,20,31,1,31.0,1.0,0,1.0,1
14142,302,1,311.81,311.81,22,0,0,0.0,0.0,1,0.0,0
14143,62,1,115.8,115.8,7,0,0,0.0,1.0,1,1.0,1
14145,85,3,2851.2,950.4,6,60,1,29.5,0.6666666666666666,0,1.0,1
14146,10,4,2965.84,741.46,122,275,1,91.66666666666667,0.5,0,0.8555536760026744,0
14147,7,2,483.4,241.70000000000002,4,207,0,207.0,0.5,0,1.6444201312910285,0
14148,162,1,157.2,157.2,3,0,0,0.0,0.0,1,1.0,1
14149,149,1,446.62,446.62,28,0,0,0.0,0.0,1,1.0,1
14150,288,1,306.18,306.18,12,0,1,0.0,0.0,1,0.0,0
14152,4,2,621.29,310.645,47,158,0,158.0,0.5,0,1.0,1
14154,168,2,1345.62,672.81,52,0,0,0.0,0.0,0,1.0,1
14155,195,1,118.75,118.75,6,0,0,0.0,0.0,1,0.0,0
14156,22,42,98858.34,2353.77,642,278,1,6.390243902439025,0.40476190476190477,0,1.2731635211780643,0
14157,214,1,277.17,277.17,36,0,1,0.0,0.0,1,0.0,0
14159,10,8,3147.67,393.45875,410,280,1,39.714285714285715,0.5,0,2.638240120228803,0
14161,144,3,1110.52,370.17333333333335,87,153,0,76.0,0.0,0,0.0,0
14162,102,2,289.36,144.68,25,118,0,118.0,0.0,0,0.0,0
14163,16,4,2445.91,611.4775,36,151,0,50.0,0.5,0,1.0,1
14164,9,1,1273.77,1273.77,28,0,0,0.0,1.0,1,1.0,1
14165,204,1,122.53999999999999,122.53999999999999,23,0,0,0.0,0.0,1,0.0,0
14167,94,3,402.1,134.03333333333333,23,166,1,82.5,0.0,0,0.0,0
14171,27,1,363.79,363.79,57,0,0,0.0,1.0,1,1.0,1
14173,148,1,114.04,114.04,11,0,1,0.0,0.0,1,1.0,1
14175,100,2,1205.99,602.995,58,158,1,158.0,0.0,0,0.0,0
14176,226,4,576.9000000000001,144.22500000000002,28,70,0,23.0,0.0,0,0.0,0
14177,15,4,559.41,139.8525,37,93,0,31.0,0.75,0,1.0,1
14178,27,3,493.36,164.45333333333335,87,84,1,42.0,0.6666666666666666,0,1.0,1
14180,20,22,4258.92,193.58727272727273,107,281,1,12.952380952380953,0.22727272727272727,0,0.266687511674558,0
14185,260,1,197.65,197.65,3,0,0,0.0,0.0,1,0.0,0
14188,0,5,1717.96,343.592,31,238,1,59.0,0.6,0,2.404673366834171,0
14189,25,11,3267.92,297.08363636363634,125,272,1,26.6,0.2727272727272727,0,0.7514581742239407,0
14191,9,8,2525.29,315.66125,75,139,1,19.571428571428573,0.625,0,1.0,1
14193,198,1,422.53999999999996,422.53999999999996,23,0,1,0.0,0.0,1,0.0,0
14194,4,14,6975.96,498.28285714285715,204,232,1,17.615384615384617,0.35714285714285715,0,1.9037368147801093,0
14195,130,2,1012.0,506.0,7,50,0,50.0,0.0,0,1.0,1
14196,35,1,335.52,335.52,6,0,0,0.0,1.0,1,1.0,1
14198,15,3,528.8,176.26666666666668,27,152,1,76.0,0.6666666666666666,0,1.0,1
14199,147,1,185.39999999999998,185.39999999999998,2,0,0,0.0,0.0,1,1.0,1
14201,9,6,627.14,104.52333333333335,25,278,1,55.4,0.3333333333333333,0,3.212968471148126,0
14205,193,1,222.9,222.9,14,0,1,0.0,0.0,1,0.0,0
14206,168,1,328.15999999999997,328.15999999999997,20,0,0,0.0,0.0,1,1.0,1
14208,23,1,151.74,151.74,10,0,0,0.0,1.0,1,1.0,1
14209,50,5,1876.33,375.26599999999996,54,211,1,52.25,0.4,0,1.0320473619152952,0
14210,34,6,1905.8400000000001,317.64000000000004,66,265,0,52.6,0.16666666666666666,0,0.31327310490183036,0
14211,9,7,1339.09,191.29857142857142,57,214,1,35.333333333333336,0.2857142857142857,0,0.922812298430445,0
14212,18,1,1070.48,1070.48,9,0,0,0.0,1.0,1,1.0,1
14214,85,3,899.16,299.71999999999997,56,121,1,60.5,0.3333333333333333,0,0.12048853049401083,0
14215,6,5,1343.91,268.78200000000004,72,290,1,72.25,0.2,0,0.2663890425220419,0
14217,3,12,1469.67,122.47250000000001,61,292,1,26.0,0.3333333333333333,0,0.9441289181487669,0
14220,176,2,632.4,316.20000000000005,21,110,0,110.0,0.0,0,0.0,0
14221,9,8,3088.89,386.11125,109,258,1,36.57142857142857,0.5,0,4.585588752196838,0
14222,106,1,683.17,683.17,41,0,0,0.0,0.0,1,1.0,1
14223,21,3,991.13,330.37666666666667,50,171,0,85.5,0.6666666666666666,0,2.250672351590685,0
14224,39,4,1050.12,262.53,105,209,0,69.33333333333333,0.5,0,2.2709783053622594,0
14226,139,2,1709.4,854.7,40,58,1,58.0,0.0,0,0.0,0
14227,14,9,3031.9,336.8777777777778,117,198,1,24.625,0.2222222222222222,0,0.8583955477127734,0
14229,220,2,762.13,381.065,23,41,1,41.0,0.0,0,0.0,0
14231,112,3,925.71,308.57,47,104,0,52.0,0.0,0,0.0,0
14232,44,4,1573.33,393.3325,71,149,1,49.0,0.5,0,0.8213739577021839,0
14233,140,3,959.1,319.70000000000005,15,105,1,52.5,0.0,0,0.0,0
14235,4,5,3144.86,628.972,65,185,0,45.75,0.6,0,2.2113229292846137,0
14236,9,2,490.86,245.43,15,291,0,291.0,0.5,0,1.5930269413629161,0
14237,302,1,161.0,161.0,9,0,0,0.0,0.0,1,0.0,0
14238,255,1,146.85,146.85,8,0,0,0.0,0.0,1,0.0,0
14239,0,10,2219.39,221.93900000000002,79,245,1,26.77777777777778,0.4,0,1.1620028159098907,0
14240,154,1,226.85,226.85,10,0,1,0.0,0.0,1,1.0,1
14241,112,1,213.70000000000002,213.70000000000002,10,0,0,0.0,0.0,1,1.0,1
14242,163,2,280.55,140.27499999999998,13,91,0,91.0,0.0,0,0.0,0
14243,24,8,2305.95,288.24375,93,270,1,38.0,0.25,0,0.4648096157220565,0
14245,148,2,1693.45,846.725,107,43,0,43.0,0.0,0,0.0,0
14246,39,3,1474.06,491.3533333333333,57,135,0,67.5,0.6666666666666666,0,1.0,1
14247,207,1,136.76999999999998,136.76999999999998,19,0,0,0.0,0.0,1,0.0,0
14248,247,1,302.58,302.58,8,0,0,0.0,0.0,1,0.0,0
14250,18,1,1228.83,1228.83,74,0,1,0.0,1.0,1,1.0,1
14256,189,2,969.0600000000001,484.53,51,104,0,104.0,0.0,0,0.0,0
14257,52,4,2725.84,681.46,84,195,1,64.66666666666667,0.5,0,2.7336569161802173,0
14258,18,8,11298.380000000001,1412.2975000000001,58,247,1,34.857142857142854,0.25,0,0.7005273088268232,0
14259,70,1,120.0,120.0,5,0,0,0.0,1.0,1,1.0,1
14261,7,1,943.75,943.75,45,0,1,0.0,1.0,1,1.0,1
14262,13,4,1379.3,344.825,56,156,1,51.666666666666664,0.75,0,1.0,1
14264,83,2,333.97,166.985,15,90,0,90.0,0.5,0,1.0,1
14265,38,2,530.18,265.09000000000003,31,39,0,39.0,1.0,0,1.0,1
14267,91,3,1516.24,505.41333333333336,25,97,0,48.5,0.3333333333333333,0,0.8129035343631927,0
14270,260,1,492.65000000000003,492.65000000000003,29,0,0,0.0,0.0,1,0.0,0
14271,154,1,112.32,112.32,10,0,0,0.0,0.0,1,1.0,1
14272,2,2,437.96,218.98000000000002,33,180,0,180.0,0.5,0,1.0,1
14273,65,3,450.05,150.01666666666668,18,106,1,52.5,0.3333333333333333,0,1.0,1
14276,27,3,1119.74,373.24666666666667,52,191,0,95.0,0.3333333333333333,0,1.1703985932004688,0
14277,141,1,1637.43,1637.43,71,0,1,0.0,0.0,1,1.0,1
14280,125,1,134.04,134.04,8,0,0,0.0,0.0,1,1.0,1
14282,10,10,2796.74,279.674,65,286,1,31.333333333333332,0.4,0,0.8647657385664766,0
14284,15,1,252.1,252.1,13,0,1,0.0,1.0,1,1.0,1
14285,4,2,1253.43,626.715,17,100,1,100.0,0.5,0,1.0,1
14286,171,1,2050.08,2050.08,141,0,1,0.0,0.0,1,1.0,1
14287,127,2,83.28,41.64,4,0,1,0.0,0.0,0,1.0,1
14288,142,1,426.6,426.6,16,0,0,0.0,0.0,1,1.0,1
14289,63,5,832.78,166.556,33,154,1,38.0,0.2,0,0.3390640516385304,0
14290,10,2,1071.1000000000001,535.5500000000001,40,280,1,280.0,0.5,0,0.37751427542569055,0
14291,49,7,2355.54,336.5057142857143,96,154,1,25.666666666666668,0.14285714285714285,0,0.33031435301762646,0
14292,17,5,3143.9500000000003,628.7900000000001,60,194,1,48.25,0.6,0,4.360129589632829,0
14293,76,3,739.41,246.47,40,221,1,110.0,0.3333333333333333,0,0.4554741939293729,0
14297,203,1,232.6,232.6,11,0,1,0.0,0.0,1,0.0,0
14298,1,41,44237.46,1078.9624390243903,759,288,1,7.0,0.24390243902439024,0,0.9114968807723137,0
14299,7,6,2843.49,473.91499999999996,87,287,1,57.0,0.3333333333333333,0,0.8158358557799149,0
14301,46,1,640.14,640.14,13,0,0,0.0,1.0,1,1.0,1
14304,151,1,383.45,383.45,17,0,0,0.0,0.0,1,1.0,1
14305,0,3,1858.96,619.6533333333333,96,64,0,31.5,1.0,0,1.0,1
14306,14,1,1702.94,1702.94,26,0,1,0.0,1.0,1,1.0,1
14307,17,6,2995.72,499.2866666666667,150,284,0,56.4,0.5,0,1.023753305629014,0
14309,22,7,1633.7,233.3857142857143,62,264,1,43.5,0.14285714285714285,0,0.55011132072265,0
14311,171,1,310.26,310.26,20,0,0,0.0,0.0,1,1.0,1
14312,20,5,1047.19,209.43800000000002,51,245,1,61.0,0.2,0,0.3242315073566547,0
14314,35,1,120.0,120.0,8,0,0,0.0,1.0,1,1.0,1
14315,58,5,1550.15,310.03,49,137,1,33.75,0.6,0,1.3083521870286576,0
14320,135,2,477.79,238.89499999999998,29,126,0,126.0,0.0,0,0.0,0
14321,2,4,1230.59,307.64750000000004,99,259,1,86.0,0.5,0,1.8470717826326422,0
14323,43,2,605.0600000000001,302.53,32,123,0,123.0,0.5,0,1.0,1
14326,171,1,183.85,183.85,8,0,0,0.0,0.0,1,1.0,1
14327,92,1,311.65,311.65,12,0,0,0.0,0.0,1,1.0,1
14329,37,4,3485.03,871.2574999999999,169,220,1,73.0,0.25,0,0.18787636432066235,0
14331,53,2,462.65999999999997,231.33,27,10,0,10.0,1.0,0,1.0,1
14332,76,1,119.04,119.04,2,0,1,0.0,1.0,1,1.0,1
14334,22,7,2328.71,332.67285714285714,96,264,1,43.5,0.2857142857142857,0,0.6260032720623617,0
14335,25,1,359.25,359.25,40,0,1,0.0,1.0,1,1.0,1
14336,127,3,1114.39,371.46333333333337,53,77,1,38.0,0.0,0,0.0,0
14338,90,2,588.22,294.11,30,35,0,35.0,0.5,0,1.0,1
14339,171,1,309.52,309.52,14,0,0,0.0,0.0,1,1.0,1
14340,147,1,134.7,134.7,6,0,0,0.0,0.0,1,1.0,1
14341,59,6,1139.52,189.92,54,188,1,37.4,0.3333333333333333,0,1.30015195304353,0
14342,66,2,419.74,209.87,11,73,1,73.0,0.5,0,1.0,1
14344,56,8,889.9300000000001,111.24125000000001,56,241,0,34.0,0.25,0,0.41762209521201954,0
14346,49,2,1021.58,510.78999999999996,55,176,0,176.0,0.5,0,2.892623075750648,0
14348,189,1,409.57,409.57,18,0,0,0.0,0.0,1,0.0,0
14350,203,1,282.93,282.93,18,0,0,0.0,0.0,1,0.0,0
14351,93,1,51.0,51.0,1,0,0,0.0,0.0,1,1.0,1
14352,86,4,1078.96,269.74,44,116,0,38.333333333333336,0.5,0,1.0101167315175097,0
14353,144,1,90.6,90.6,6,0,0,0.0,0.0,1,1.0,1
14355,294,1,174.4,174.4,11,0,0,0.0,0.0,1,0.0,0
14356,8,2,701.23,350.615,33,1,0,1.0,1.0,0,1.0,1
14359,16,1,483.39,483.39,28,0,1,0.0,1.0,1,1.0,1
14360,23,1,1134.69,1134.69,71,0,1,0.0,1.0,1,1.0,1
14364,37,8,3717.35,464.66875,61,102,0,14.142857142857142,0.25,0,1.0,1
14367,4,12,6949.9400000000005,579.1616666666667,243,200,1,17.90909090909091,0.3333333333333333,0,1.8849822217143777,0
14368,248,1,155.0,155.0,8,0,0,0.0,0.0,1,0.0,0
14371,224,1,100.5,100.5,4,0,0,0.0,0.0,1,0.0,0
14373,287,1,76.55,76.55,4,0,0,0.0,0.0,1,0.0,0
14375,114,1,257.68,257.68,57,0,0,0.0,0.0,1,1.0,1
14377,120,2,617.05,308.525,11,70,0,70.0,0.0,0,0.0,0
14379,224,1,110.98,110.98,17,0,1,0.0,0.0,1,0.0,0
14383,92,1,242.09,242.09,15,0,1,0.0,0.0,1,1.0,1
14386,225,1,142.4,142.4,7,0,0,0.0,0.0,1,0.0,0
14387,3,2,929.74,464.87,77,34,1,34.0,1.0,0,1.0,1
14388,20,6,2277.77,379.62833333333333,93,281,1,55.8,0.5,0,1.546489324466223,0
14389,119,1,311.14,311.14,19,0,1,0.0,0.0,1,1.0,1
14390,73,4,1592.66,398.165,95,228,1,75.66666666666667,0.25,0,2.4880643719266877,0
14393,147,1,67.95,67.95,5,0,0,0.0,0.0,1,1.0,1
14395,7,7,2638.18,376.8828571428572,153,293,1,48.333333333333336,0.14285714285714285,0,0.6402057926829268,0
14396,300,1,110.35000000000001,110.35000000000001,34,0,1,0.0,0.0,1,0.0,0
14397,8,11,1089.24,99.02181818181818,16,133,1,13.0,0.6363636363636364,0,1.0,1
14400,78,1,574.7,574.7,25,0,0,0.0,1.0,1,1.0,1
14401,9,11,3384.88,307.71636363636367,79,279,1,27.4,0.6363636363636364,0,3.80743316670289,0
14403,59,4,1475.81,368.9525,17,116,0,38.333333333333336,0.5,0,1.0,1
14404,37,5,1347.52,269.504,64,260,1,64.5,0.2,0,0.42737499654495703,0
14406,48,1,156.75,156.75,8,0,0,0.0,1.0,1,1.0,1
14407,36,6,2157.73,359.62166666666667,67,169,0,33.6,0.6666666666666666,0,3.2338036844168205,0
14408,23,6,2298.31,383.05166666666673,59,169,1,33.4,0.3333333333333333,0,3.0872006841505124,0
14409,0,6,2059.4500000000003,343.24166666666673,40,297,0,59.0,0.5,0,2.0918030325776913,0
14410,21,9,1105.07,122.78555555555555,153,213,0,26.25,0.3333333333333333,0,0.9250113404400091,0
14411,239,1,1063.0,1063.0,14,0,0,0.0,0.0,1,0.0,0
14412,1,1,462.45,462.45,28,0,1,0.0,1.0,1,1.0,1
14413,291,1,122.7,122.7,22,0,0,0.0,0.0,1,0.0,0
14414,20,7,1496.98,213.8542857142857,79,267,0,44.0,0.8571428571428571,0,5.89217311233886,0
14415,27,9,3801.68,422.4088888888889,196,262,1,32.375,0.3333333333333333,0,0.6454201521972001,0
14418,37,1,150.44,150.44,17,0,1,0.0,1.0,1,1.0,1
14419,2,3,541.21,180.40333333333334,73,291,1,145.0,0.3333333333333333,0,1.8827558420628527,0
14420,28,1,387.52,387.52,29,0,0,0.0,1.0,1,1.0,1
14421,140,1,455.18,455.18,15,0,1,0.0,0.0,1,1.0,1
14422,99,2,1032.15,516.075,57,96,1,96.0,0.0,0,0.0,0
14423,147,1,265.2,265.2,3,0,0,0.0,0.0,1,1.0,1
14426,69,6,2885.58,480.93,151,172,1,34.0,0.3333333333333333,0,0.45176453282338624,0
14428,8,3,534.12,178.04,35,245,1,122.5,0.3333333333333333,0,0.9997543601080815,0
14431,231,1,470.36,470.36,17,0,0,0.0,0.0,1,0.0,0
14432,18,1,254.75,254.75,46,0,1,0.0,1.0,1,1.0,1
14434,1,1,310.8,310.8,3,0,1,0.0,1.0,1,1.0,1
14436,27,1,89.06,89.06,9,0,0,0.0,1.0,1,1.0,1
14437,294,1,63.0,63.0,5,0,0,0.0,0.0,1,0.0,0
14438,235,1,131.9,131.9,9,0,0,0.0,0.0,1,0.0,0
14439,248,1,2661.24,2661.24,32,0,0,0.0,0.0,1,0.0,0
14440,1,3,1558.73,519.5766666666667,31,292,1,146.0,0.3333333333333333,0,0.3145963178180162,0
14441,23,2,697.4000000000001,348.70000000000005,22,160,1,160.0,0.5,0,0.9543773119605424,0
14442,133,2,1589.82,794.9100000000001,58,112,0,112.0,0.0,0,0.0,0
14443,67,3,991.52,330.50666666666666,58,230,1,114.5,0.3333333333333333,0,0.6297172912557527,0
14446,9,2,685.22,342.61,162,166,1,166.0,0.5,0,1.0,1
14447,125,2,601.03,300.515,34,84,1,84.0,0.0,0,0.0,0
14448,293,1,102.35000000000001,102.35000000000001,18,0,1,0.0,0.0,1,0.0,0
14449,175,2,401.3,200.65,98,125,1,125.0,0.0,0,0.0,0
14450,109,3,483.25,161.08333333333334,32,139,0,69.5,0.0,0,0.0,0
14451,123,1,360.0,360.0,52,0,1,0.0,0.0,1,1.0,1
14452,22,1,127.37,127.37,29,0,1,0.0,1.0,1,1.0,1
14453,119,1,119.93,119.93,22,0,0,0.0,0.0,1,1.0,1
14456,2,5,1839.24,367.84799999999996,438,68,1,17.0,1.0,0,1.0,1
14457,239,1,113.64,113.64,4,0,0,0.0,0.0,1,0.0,0
14459,84,1,1837.92,1837.92,37,0,0,0.0,1.0,1,1.0,1
14460,39,3,434.34,144.78,14,200,0,100.0,0.3333333333333333,0,5.260000000000001,0
14461,77,3,2103.06,701.02,173,113,0,56.5,0.3333333333333333,0,0.45970910683689115,0
14462,13,10,1702.15,170.215,141,255,1,28.0,0.3,0,0.7964562851995292,0
14463,27,3,529.62,176.54,6,107,0,53.0,0.3333333333333333,0,1.0,1
14465,175,3,1058.6200000000001,352.8733333333333,107,56,0,28.0,0.0,0,0.0,0
14466,2,6,1785.65,297.60833333333335,32,298,1,59.4,0.3333333333333333,0,0.42480567759378157,0
14467,241,1,131.7,131.7,15,0,1,0.0,0.0,1,0.0,0
14470,216,1,297.64,297.64,35,0,1,0.0,0.0,1,0.0,0
14472,32,8,1936.84,242.105,153,251,0,35.285714285714285,0.375,0,0.3065924799349486,0
14473,3,2,234.34000000000003,117.17000000000002,7,208,0,208.0,0.5,0,1.7569411764705887,0
14475,0,3,925.85,308.6166666666667,35,233,0,116.0,0.3333333333333333,0,0.990637742619475,0
14476,186,1,215.7,215.7,17,0,0,0.0,0.0,1,0.0,0
14477,113,2,523.0,261.5,3,112,1,112.0,0.0,0,0.0,0
14479,182,2,316.25,158.125,18,111,0,111.0,0.0,0,0.0,0
14481,93,2,636.51,318.255,25,122,0,122.0,0.0,0,0.0,0
14482,28,2,465.95000000000005,232.97500000000002,20,140,1,140.0,0.5,0,1.0,1
14483,210,1,137.1,137.1,9,0,0,0.0,0.0,1,0.0,0
14487,11,4,847.4599999999999,211.86499999999998,81,285,1,95.0,0.75,0,5.774260591526779,0
14489,136,1,463.38,463.38,30,0,0,0.0,0.0,1,1.0,1
14491,104,2,340.93,170.465,17,197,0,197.0,0.0,0,0.0,0
14493,84,1,611.22,611.22,29,0,1,0.0,1.0,1,1.0,1
14495,50,1,40.599999999999994,40.599999999999994,2,0,1,0.0,1.0,1,1.0,1
14496,240,2,538.8100000000001,269.40500000000003,16,61,0,61.0,0.0,0,0.0,0
14497,238,1,475.37,475.37,29,0,0,0.0,0.0,1,0.0,0
14498,45,4,1281.79,320.4475,104,245,1,81.33333333333333,0.5,0,5.826916135242449,0
14499,62,2,370.96000000000004,185.48000000000002,71,144,1,144.0,0.5,0,1.9436597365497545,0
14500,17,3,356.85,118.95,6,101,0,50.0,0.6666666666666666,0,1.0,1
14501,112,2,251.21,125.605,9,136,0,136.0,0.0,0,0.0,0
14502,78,7,1176.01,168.00142857142856,201,163,1,26.833333333333332,0.14285714285714285,0,0.15692965017950924,0
14503,107,1,597.07,597.07,40,0,1,0.0,0.0,1,1.0,1
14504,172,3,542.71,180.90333333333334,81,35,1,17.0,0.0,0,0.0,0
14505,38,6,4255.64,709.2733333333334,388,252,1,50.0,0.16666666666666666,0,0.5452624018878571,0
14506,91,3,831.66,277.22,82,207,1,103.0,0.3333333333333333,0,0.4671347422644038,0
14507,30,4,924.6899999999999,231.1725,71,174,1,58.0,0.25,0,0.8166292727992609,0
14508,18,1,137.56,137.56,24,0,1,0.0,1.0,1,1.0,1
14511,21,2,329.89,164.945,16,41,1,41.0,1.0,0,1.0,1
14512,116,2,275.28,137.64,19,44,0,44.0,0.0,0,1.0,1
14513,29,3,455.59000000000003,151.86333333333334,11,188,0,93.5,0.3333333333333333,0,7.372800000000001,0
14514,130,2,403.11,201.555,36,129,1,129.0,0.0,0,0.0,0
14515,120,2,765.65,382.825,25,27,1,27.0,0.0,0,1.0,1
14517,70,1,252.45,252.45,14,0,1,0.0,1.0,1,1.0,1
14520,219,1,165.0,165.0,1,0,1,0.0,0.0,1,0.0,0
14522,0,3,831.5,277.1666666666667,15,126,1,62.5,0.6666666666666666,0,1.0,1
14523,37,1,241.09,241.09,12,0,0,0.0,1.0,1,1.0,1
14524,0,8,1755.78,219.4725,161,289,1,40.857142857142854,0.375,0,1.4481153450051494,0
14525,29,7,2926.14,418.02000000000004,163,260,1,42.833333333333336,0.2857142857142857,0,1.2286952335098704,0
14527,0,43,5835.95,135.71976744186045,276,297,1,6.619047619047619,0.3023255813953488,0,0.8044530249931798,0
14529,6,2,358.42,179.21,113,32,1,32.0,1.0,0,1.0,1
14530,22,5,2546.12,509.224,121,203,1,50.5,0.4,0,0.8590735105631653,0
14532,165,4,932.85,233.21250000000003,45,115,0,38.0,0.0,0,0.0,0
14533,18,3,1143.36,381.12000000000006,36,263,1,131.5,0.6666666666666666,0,1.6375086505190308,0
14534,24,14,3035.69,216.835,264,222,1,16.692307692307693,0.2857142857142857,0,0.6856720881044419,0
14535,56,2,1653.91,826.955,166,121,1,121.0,0.5,0,1.0,1
14536,188,1,171.8,171.8,18,0,0,0.0,0.0,1,0.0,0
14538,185,1,106.5,106.5,3,0,1,0.0,0.0,1,0.0,0
14540,4,2,681.53,340.765,53,233,1,233.0,0.5,0,2.4789688616641143,0
14541,97,7,1315.65,187.95000000000002,70,150,1,24.666666666666668,0.0,0,0.0,0
14542,114,1,103.25,103.25,5,0,0,0.0,0.0,1,1.0,1
14543,2,14,3301.75,235.83928571428572,39,290,1,21.923076923076923,0.21428571428571427,0,0.38682792572779784,0
14544,290,1,1121.92,1121.92,53,0,1,0.0,0.0,1,0.0,0
14546,6,3,1602.1,534.0333333333333,209,171,1,85.0,0.3333333333333333,0,1.0,1
14548,79,2,652.8,326.4,2,167,0,167.0,0.5,0,1.0,0
14549,240,1,289.24,289.24,56,0,0,0.0,0.0,1,0.0,0
14551,133,1,125.43,125.43,7,0,1,0.0,0.0,1,1.0,1
14552,80,1,165.07,165.07,57,0,0,0.0,1.0,1,1.0,1
14553,147,2,312.32,156.16,35,120,1,120.0,0.0,0,0.0,0
14555,231,1,197.94,197.94,14,0,1,0.0,0.0,1,0.0,0
14557,14,1,788.38,788.38,16,0,0,0.0,1.0,1,1.0,1
14560,23,15,1565.2,104.34666666666665,25,263,1,18.428571428571427,0.4,0,0.28604541357256297,0
14561,4,3,1080.76,360.25333333333333,67,108,0,54.0,0.6666666666666666,0,1.0,1
14562,7,10,3029.7200000000003,302.97200000000004,143,226,1,24.666666666666668,0.6,0,4.36675868414999,0
14565,24,4,3099.12,774.78,111,265,0,88.0,0.5,0,1.0463932979844268,0
14566,39,1,1432.0,1432.0,4,0,0,0.0,1.0,1,1.0,1
14567,59,1,800.76,800.76,13,0,1,0.0,1.0,1,1.0,1
14570,209,2,218.06,109.03,29,0,0,0.0,0.0,0,0.0,0
14572,39,5,2089.44,417.88800000000003,153,213,1,52.5,0.4,0,1.0520343636893121,0
14573,108,9,1653.42,183.71333333333334,127,192,0,23.375,0.0,0,0.0,0
14576,301,1,35.400000000000006,35.400000000000006,1,0,0,0.0,0.0,1,0.0,0
14577,92,3,646.64,215.5466666666667,70,199,1,99.5,0.0,0,0.0,0
14583,73,4,787.64,196.91,172,61,1,20.0,0.25,0,1.0,1
14584,98,4,1042.26,260.565,68,29,0,9.0,0.0,0,1.0,1
14586,205,1,237.36,237.36,19,0,0,0.0,0.0,1,0.0,0
14587,113,8,1473.53,184.19125,166,147,1,20.571428571428573,0.0,0,0.0,0
14589,300,1,39.75,39.75,3,0,0,0.0,0.0,1,0.0,0
14591,142,1,250.22,250.22,33,0,1,0.0,0.0,1,1.0,1
14593,127,2,339.59,169.795,54,0,1,0.0,0.0,0,1.0,1
14594,302,1,255.0,255.0,31,0,1,0.0,0.0,1,0.0,0
14595,14,2,300.03000000000003,150.015,12,227,1,227.0,0.5,0,0.8316849816849816,0
14597,120,1,165.1,165.1,3,0,1,0.0,0.0,1,1.0,1
14600,234,1,393.33000000000004,393.33000000000004,25,0,0,0.0,0.0,1,0.0,0
14603,203,1,660.0,660.0,2,0,0,0.0,0.0,1,0.0,0
14606,1,76,9989.91,131.44618421052633,730,300,1,3.533333333333333,0.2631578947368421,0,0.4368275124787534,0
14607,190,1,495.0,495.0,3,0,1,0.0,0.0,1,0.0,0
14608,14,2,790.95,395.475,7,276,1,276.0,0.5,0,2.8772058823529414,0
14609,1,4,601.56,150.39,2,224,0,74.0,0.5,0,2.1275,0
14616,171,3,406.08000000000004,135.36,2,74,0,36.5,0.0,0,0.0,0
14618,266,1,211.8,211.8,5,0,1,0.0,0.0,1,0.0,0
14619,174,1,394.44,394.44,20,0,0,0.0,0.0,1,1.0,1
14620,134,2,412.78000000000003,206.39,26,78,0,78.0,0.0,0,0.0,0
14621,85,3,1002.91,334.30333333333334,45,201,1,100.5,0.3333333333333333,0,1.199214916584887,0
14622,113,1,320.58000000000004,320.58000000000004,21,0,0,0.0,0.0,1,1.0,1
14623,45,3,608.71,202.90333333333334,88,118,1,59.0,0.3333333333333333,0,1.0,1
14625,125,2,899.63,449.815,51,164,0,164.0,0.0,0,0.0,0
14626,51,2,1571.29,785.645,64,110,1,110.0,0.5,0,1.0,1
14628,20,2,671.96,335.98,22,151,0,151.0,0.5,0,1.0,1
14631,164,2,630.08,315.03999999999996,24,63,1,63.0,0.0,0,0.0,0
14632,191,1,114.56,114.56,8,0,0,0.0,0.0,1,0.0,0
14633,195,1,344.90000000000003,344.90000000000003,20,0,0,0.0,0.0,1,0.0,0
14636,197,1,300.19,300.19,16,0,1,0.0,0.0,1,0.0,0
14639,49,4,1989.23,497.3075,93,240,1,80.0,0.5,0,0.6105430197631018,0
14640,56,4,1501.06,375.265,63,99,1,33.0,0.5,0,1.0,1
14643,99,2,693.8100000000001,346.905,30,187,0,187.0,0.0,0,0.0,0
14644,227,1,187.50000000000003,187.50000000000003,8,0,1,0.0,0.0,1,0.0,0
14645,85,2,597.09,298.545,28,118,0,118.0,0.5,0,1.4868388171595166,0
14646,7,46,203106.63999999998,4415.361739130434,554,276,1,5.777777777777778,0.30434782608695654,0,0.8656261021153133,0
14647,130,1,243.22,243.22,24,0,0,0.0,0.0,1,1.0,1
14649,1,3,903.3,301.09999999999997,95,140,1,70.0,0.3333333333333333,0,1.0,1
14651,140,1,416.32,416.32,59,0,1,0.0,0.0,1,1.0,1
14652,6,1,114.18,114.18,29,0,0,0.0,1.0,1,1.0,1
14653,267,1,344.81,344.81,29,0,1,0.0,0.0,1,0.0,0
14655,151,1,810.56,810.56,14,0,1,0.0,0.0,1,1.0,1
14656,98,2,291.05,145.525,73,114,0,114.0,0.0,0,0.0,0
14657,84,3,638.94,212.98000000000002,83,171,1,85.5,0.3333333333333333,0,0.218421052631579,0
14658,46,1,123.14,123.14,14,0,1,0.0,1.0,1,1.0,1
14659,7,7,2067.98,295.42571428571426,135,237,1,39.0,0.2857142857142857,0,0.6842425390621104,0
14660,15,2,285.74,142.87,24,14,0,14.0,1.0,0,1.0,1
14662,163,3,524.86,174.95333333333335,82,81,1,40.5,0.0,0,0.0,0
14665,18,4,1276.18,319.045,62,221,1,73.66666666666667,0.25,0,0.7442254599130744,0
14667,3,19,7140.31,375.8057894736842,287,294,1,15.944444444444445,0.2631578947368421,0,0.8372166575019498,0
14669,170,3,1269.99,423.33,158,90,0,45.0,0.0,0,0.0,0
14670,209,2,411.53,205.765,107,0,0,0.0,0.0,0,0.0,0
14672,163,2,765.55,382.775,58,101,0,101.0,0.0,0,0.0,0
14673,296,1,373.49,373.49,15,0,1,0.0,0.0,1,0.0,0
14676,7,5,2170.96,434.192,28,204,1,50.5,0.4,0,1.837863100373886,0
14680,0,15,27586.510000000002,1839.1006666666665,72,300,1,20.785714285714285,0.3333333333333333,0,1.1622431086618843,0
14681,0,3,498.95,166.31666666666666,6,140,0,70.0,0.6666666666666666,0,1.0,1
14682,116,2,52.0,26.0,1,13,0,13.0,0.0,0,1.0,1
14684,10,3,648.59,216.1966666666667,162,280,1,140.0,0.3333333333333333,0,0.7681753385602282,0
14687,35,1,628.38,628.38,15,0,0,0.0,1.0,1,1.0,1
14688,21,16,4207.62,262.97625,112,281,1,18.266666666666666,0.25,0,0.5908864368358157,0
14689,137,1,112.8,112.8,13,0,0,0.0,0.0,1,1.0,1
14690,80,1,216.71,216.71,28,0,1,0.0,1.0,1,1.0,1
14691,0,4,1769.07,442.26750000000004,50,141,1,47.0,0.75,0,1.0,1
14692,66,4,591.55,147.88750000000002,53,185,0,61.0,0.25,0,0.292109754496521,0
14693,193,1,172.9,172.9,8,0,0,0.0,0.0,1,0.0,0
14696,0,6,1778.41,296.4016666666667,101,301,1,59.8,0.3333333333333333,0,1.0319082022949428,0
14697,147,2,188.60999999999999,94.30499999999999,22,0,0,0.0,0.0,0,1.0,1
14699,143,1,109.13000000000001,109.13000000000001,8,0,0,0.0,0.0,1,1.0,1
14700,118,2,1557.6,778.8,56,48,1,48.0,0.0,0,1.0,1
14701,101,7,1958.28,279.75428571428574,188,143,1,23.333333333333332,0.0,0,0.0,0
14702,7,10,1903.79,190.379,122,287,1,31.22222222222222,0.4,0,0.5577384118152435,0
14704,10,3,386.48,128.82666666666668,87,98,1,49.0,0.6666666666666666,0,1.0,1
14705,127,1,179.0,179.0,1,0,0,0.0,0.0,1,1.0,1
14708,83,2,701.1800000000001,350.59000000000003,12,214,1,214.0,0.5,0,0.6732210184699089,0
14709,0,10,4264.04,426.404,67,287,1,31.333333333333332,0.5,0,1.9614637032029076,0
14711,20,9,2365.42,262.82444444444445,177,171,1,20.625,0.3333333333333333,0,3.7972770795930586,0
14712,4,2,421.47,210.735,20,37,1,37.0,1.0,0,1.0,1
14713,28,9,2029.61,225.51222222222222,130,266,1,32.75,0.2222222222222222,0,0.6376029287276965,0
14715,23,3,594.75,198.25,44,236,1,117.5,0.3333333333333333,0,1.4035158617902608,0
14716,77,1,188.56,188.56,19,0,1,0.0,1.0,1,1.0,1
14719,108,2,488.12,244.06,70,69,1,69.0,0.0,0,1.0,1
14720,18,2,401.13,200.565,22,37,1,37.0,1.0,0,1.0,1
14722,76,1,187.92000000000002,187.92000000000002,28,0,0,0.0,1.0,1,1.0,1
14723,287,3,471.0,157.0,68,13,1,6.5,0.0,0,0.0,0
14727,203,1,268.58,268.58,10,0,0,0.0,0.0,1,0.0,0
14729,302,1,313.49,313.49,69,0,0,0.0,0.0,1,0.0,0
14730,36,5,904.21,180.842,142,169,1,42.0,0.2,0,0.34844250215966266,0
14731,134,2,251.01999999999998,125.50999999999999,23,6,1,6.0,0.0,0,1.0,1
14732,17,6,1927.19,321.1983333333333,87,251,1,49.6,0.3333333333333333,0,0.955503130656696,0
14733,39,11,9044.2,822.2,98,257,1,25.2,0.18181818181818182,0,0.09194584356217726,0
14735,10,26,4347.25,167.20192307692307,84,276,1,10.76,0.3076923076923077,0,0.9474592210656032,0
14737,57,2,1081.75,540.875,13,224,1,224.0,0.5,0,1.4925115207373272,0
14738,62,5,757.6500000000001,151.53000000000003,28,182,1,45.0,0.2,0,1.132783122527714,0
14739,23,4,2247.58,561.895,32,272,1,90.33333333333333,0.25,0,0.9963113711523784,0
14740,126,3,1448.21,482.7366666666667,85,86,0,43.0,0.0,0,0.0,0
14741,42,4,864.96,216.24,25,259,1,86.0,0.25,0,0.3959216636381991,0
14744,226,5,928.03,185.606,14,69,1,16.75,0.0,0,0.0,0
14745,41,5,1220.26,244.052,46,172,0,42.75,0.6,0,2.6541562759767245,0
14747,178,1,328.2,328.2,18,0,0,0.0,0.0,1,1.0,1
14748,52,4,1118.77,279.6925,75,245,1,81.33333333333333,0.25,0,0.7389991922112155,0
14753,16,1,563.15,563.15,30,0,0,0.0,1.0,1,1.0,1
14754,224,1,228.26999999999998,228.26999999999998,15,0,1,0.0,0.0,1,0.0,0
14755,2,8,3171.98,396.4975,109,260,1,36.714285714285715,0.375,0,0.7162274235164023,0
14757,4,1,420.5,420.5,19,0,0,0.0,1.0,1,1.0,1
14758,73,4,1484.06,371.015,54,114,0,37.666666666666664,0.25,0,0.423245513554792,0
14759,41,2,870.85,435.425,47,119,1,119.0,0.5,0,1.0,1
14760,226,1,89.2,89.2,5,0,0,0.0,0.0,1,0.0,0
14761,263,1,97.5,97.5,7,0,1,0.0,0.0,1,0.0,0
14762,192,1,300.52,300.52,21,0,0,0.0,0.0,1,0.0,0
14765,41,2,95.5,47.75,8,63,1,63.0,0.5,0,1.0,1
14766,9,5,2050.85,410.16999999999996,96,285,1,70.75,0.2,0,0.6421402615380812,0
14768,56,1,133.20000000000002,133.20000000000002,4,0,1,0.0,1.0,1,1.0,1
14769,11,7,10332.78,1476.1114285714286,713,275,1,45.166666666666664,0.42857142857142855,0,1.3537271363956662,0
14770,161,2,876.42,438.21,49,90,0,90.0,0.0,0,0.0,0
14772,41,1,139.26,139.26,9,0,0,0.0,1.0,1,1.0,1
14775,66,2,701.46,350.73,39,234,1,234.0,0.5,0,0.7253541912632824,0
14776,34,8,1862.22,232.7775,44,207,1,29.0,0.25,0,0.7039544379969914,0
14778,56,2,730.86,365.43,34,181,0,181.0,0.5,0,1.1878760664571173,0
14779,209,3,386.15,128.71666666666667,40,43,0,21.5,0.0,0,0.0,0
14780,8,1,332.8,332.8,19,0,1,0.0,1.0,1,1.0,1
14782,248,1,200.10000000000002,200.10000000000002,6,0,0,0.0,0.0,1,0.0,0
14784,252,1,114.68,114.68,4,0,1,0.0,0.0,1,0.0,0
14790,48,2,364.04,182.01999999999998,22,134,1,134.0,0.5,0,1.0,1
14794,132,4,679.54,169.885,37,130,1,43.0,0.0,0,0.0,0
14795,95,1,131.45000000000002,131.45000000000002,6,0,0,0.0,0.0,1,1.0,1
14796,23,14,6593.37,470.955,338,272,1,20.23076923076923,0.2857142857142857,0,0.9761202517249223,0
14798,73,2,97.4,48.7,7,165,1,165.0,0.5,0,0.2869978858350951,0
14800,4,10,3947.5,394.75,228,294,1,32.333333333333336,0.3,0,0.23184714443108556,0
14803,91,3,845.55,281.84999999999997,35,130,0,64.5,0.3333333333333333,0,0.15703553688474117,0
14805,242,1,109.25,109.25,19,0,1,0.0,0.0,1,0.0,0
14806,4,1,193.39000000000001,193.39000000000001,11,0,0,0.0,1.0,1,1.0,1
14808,3,7,2206.98,315.28285714285715,157,97,1,15.833333333333334,0.5714285714285714,0,1.0,1
14810,32,10,1869.33,186.933,97,265,1,28.88888888888889,0.2,0,0.763334410339257,0
14813,298,2,155.43,77.715,25,0,0,0.0,0.0,0,0.0,0
14816,126,1,271.85,271.85,4,0,0,0.0,0.0,1,1.0,1
14817,129,2,1110.34,555.1700000000001,52,76,0,76.0,0.0,0,0.0,0
14818,2,3,657.8,219.26666666666665,41,179,0,89.5,0.3333333333333333,0,1.0,1
14819,121,1,84.72,84.72,3,0,1,0.0,0.0,1,1.0,1
14820,4,2,242.19,121.095,15,97,1,97.0,0.5,0,1.0,1
14821,295,1,48.800000000000004,48.800000000000004,2,0,0,0.0,0.0,1,0.0,0
14823,109,3,321.43,107.14333333333333,56,14,0,6.5,0.0,0,1.0,1
14824,2,2,755.51,377.755,19,18,1,18.0,1.0,0,1.0,1
14825,18,8,1499.5700000000002,187.44625000000002,70,279,1,39.42857142857143,0.25,0,0.33016256764237384,0
14828,125,3,2139.76,713.2533333333334,17,140,0,69.5,0.0,0,0.0,0
14829,113,3,531.63,177.21,33,187,1,93.5,0.0,0,0.0,0
14834,0,3,851.2,283.73333333333335,34,168,1,83.5,0.6666666666666666,0,1.0,1
14837,18,4,1649.5,412.375,96,111,0,36.666666666666664,0.5,0,1.0,1
14840,196,1,62.85,62.85,4,0,0,0.0,0.0,1,0.0,0
14841,108,4,2375.57,593.8925,88,179,1,59.666666666666664,0.0,0,0.0,0
14842,24,3,1901.52,633.84,86,212,1,106.0,0.3333333333333333,0,0.6872258064516129,0
14844,52,3,2257.6800000000003,752.5600000000001,64,118,1,58.5,0.3333333333333333,0,1.0,1
14847,77,1,309.4,309.4,13,0,0,0.0,1.0,1,1.0,1
14849,24,17,5784.53,340.2664705882353,145,278,1,17.1875,0.29411764705882354,0,1.6714494793526744,0
14850,240,1,325.75,325.75,21,0,0,0.0,0.0,1,0.0,0
14851,185,1,206.13,206.13,14,0,1,0.0,0.0,1,0.0,0
14852,25,5,2188.42,437.684,67,156,1,38.75,0.4,0,1.0,1
14853,140,1,214.5,214.5,3,0,1,0.0,0.0,1,1.0,1
14854,7,7,2759.83,394.26142857142855,110,196,0,32.333333333333336,0.2857142857142857,0,1.7882019555247903,0
14855,48,2,645.65,322.82500000000005,13,15,0,15.0,1.0,0,1.0,1
14857,77,1,522.52,522.52,29,0,1,0.0,1.0,1,1.0,1
14859,9,2,927.12,463.56,40,123,1,123.0,0.5,0,1.0,1
14862,77,1,304.09999999999997,304.09999999999997,21,0,1,0.0,1.0,1,1.0,1
14865,301,1,37.2,37.2,3,0,1,0.0,0.0,1,0.0,0
14866,9,5,6803.42,1360.684,30,285,1,70.75,0.8,0,10.0,0
14867,114,3,710.28,236.76,31,150,0,75.0,0.0,0,0.0,0
14868,0,5,1634.77,326.954,74,161,1,40.0,0.8,0,1.0,1
14869,32,1,391.31,391.31,48,0,1,0.0,1.0,1,1.0,1
14870,190,1,327.25,327.25,13,0,0,0.0,0.0,1,0.0,0
14871,107,3,354.75,118.25,44,182,1,90.5,0.0,0,0.0,0
14873,139,1,519.68,519.68,28,0,0,0.0,0.0,1,1.0,1
14875,36,2,1465.3200000000002,732.66,46,155,0,155.0,0.5,0,3.047845303867403,0
14878,11,7,1193.71,170.53,54,276,1,45.333333333333336,0.14285714285714285,0,0.17520339358637496,0
14880,6,3,706.19,235.39666666666668,45,211,0,105.5,0.3333333333333333,0,2.6541795665634678,0
14883,2,4,571.99,142.9975,35,138,1,45.666666666666664,0.5,0,1.0,1
14885,60,1,765.3199999999999,765.3199999999999,15,0,0,0.0,1.0,1,1.0,1
14886,181,1,364.8,364.8,18,0,0,0.0,0.0,1,1.0,1
14887,8,1,1862.0,1862.0,6,0,0,0.0,1.0,1,1.0,1
14888,136,1,369.2,369.2,20,0,0,0.0,0.0,1,1.0,1
14889,265,1,135.9,135.9,10,0,0,0.0,0.0,1,0.0,0
14890,182,1,125.65,125.65,7,0,0,0.0,0.0,1,1.0,1
14891,77,2,554.38,277.19,30,39,0,39.0,0.5,0,1.0,1
14894,14,1,655.75,655.75,23,0,0,0.0,1.0,1,1.0,1
14895,20,13,7974.79,613.4453846153846,242,199,1,16.333333333333332,0.6153846153846154,0,1.3830178064560126,0
14896,133,2,468.77000000000004,234.38500000000002,43,160,0,160.0,0.0,0,0.0,0
14897,17,2,345.4,172.7,17,208,1,208.0,0.5,0,0.9680911680911681,0
14898,63,5,1011.3,202.26,60,236,1,58.75,0.2,0,0.9441575285933262,0
14901,2,7,1093.83,156.26142857142855,59,298,1,49.333333333333336,0.5714285714285714,0,1.2006437984106226,0
14903,53,4,2411.82,602.955,195,154,1,51.0,0.25,0,1.1470610300461381,0
14905,86,2,616.15,308.07500000000005,14,76,0,76.0,0.5,0,1.0,1
14907,28,5,2608.18,521.6360000000001,110,268,1,66.75,0.4,0,1.7149028302574187,0
14908,3,1,277.8,277.8,9,0,0,0.0,1.0,1,1.0,1
14911,1,132,95320.56,722.1254545454545,1463,301,1,1.916030534351145,0.4166666666666667,0,1.9169121750212614,0
14912,175,1,482.78999999999996,482.78999999999996,14,0,1,0.0,0.0,1,1.0,1
14913,112,3,917.15,305.71666666666664,57,175,1,87.5,0.0,0,0.0,0
14915,20,2,307.48,153.74,12,186,0,186.0,0.5,0,1.1610908068597134,0
14916,22,3,967.76,322.58666666666664,54,230,0,114.5,0.6666666666666666,0,2.2799864429757664,0
14918,44,2,1610.15,805.075,39,38,0,38.0,1.0,0,1.0,1
14920,141,2,977.77,488.885,57,0,0,0.0,0.0,0,1.0,1
14921,130,1,903.01,903.01,53,0,1,0.0,0.0,1,1.0,1
14924,174,1,310.05,310.05,10,0,0,0.0,0.0,1,1.0,1
14930,37,3,2372.86,790.9533333333334,116,165,0,82.5,0.6666666666666666,0,1.149076648583048,0
14931,3,3,847.65,282.55,27,166,1,82.5,0.3333333333333333,0,1.0,1
14932,294,1,363.53,363.53,17,0,0,0.0,0.0,1,0.0,0
14934,10,2,1890.94,945.47,68,200,0,200.0,0.5,0,1.281429467689783,0
14935,226,1,1784.71,1784.71,10,0,0,0.0,0.0,1,0.0,0
14936,37,3,5072.88,1690.96,124,167,1,83.0,0.3333333333333333,0,0.9112702682128448,0
14937,59,1,759.56,759.56,13,0,1,0.0,1.0,1,1.0,1
14944,6,9,4922.51,546.9455555555555,96,219,1,27.125,0.4444444444444444,0,4.09720399315913,0
14947,1,2,290.82,145.41,14,58,0,58.0,1.0,0,1.0,1
14948,0,5,834.27,166.85399999999998,45,147,1,36.5,0.8,0,1.0,1
14951,8,1,311.69,311.69,20,0,0,0.0,1.0,1,1.0,1
14952,0,9,6724.25,747.1388888888889,99,292,1,36.25,0.2222222222222222,0,1.4605715646364417,0
14957,182,1,58.49,58.49,12,0,0,0.0,0.0,1,1.0,1
14958,76,3,499.68,166.55999999999997,33,98,0,48.5,0.3333333333333333,0,1.0,1
14959,38,3,537.32,179.10666666666665,33,186,1,92.5,0.3333333333333333,0,0.6433449009291391,0
14960,100,1,88.3,88.3,2,0,1,0.0,0.0,1,1.0,1
14961,10,8,5899.93,737.49125,175,279,1,39.285714285714285,0.375,0,1.293500330475552,0
14962,199,1,126.7,126.7,5,0,0,0.0,0.0,1,0.0,0
14963,112,1,294.2,294.2,37,0,1,0.0,0.0,1,1.0,1
14964,176,1,206.21,206.21,13,0,0,0.0,0.0,1,1.0,1
14965,25,2,599.0,299.5,80,0,0,0.0,1.0,0,1.0,1
14970,66,3,1119.75,373.25,10,179,1,89.5,0.3333333333333333,0,1.0,0
14972,57,1,114.77,114.77,18,0,0,0.0,1.0,1,1.0,1
14973,36,3,1314.45,438.15000000000003,29,118,0,58.5,0.6666666666666666,0,1.0,1
14976,30,4,559.96,139.99,38,225,1,75.0,0.25,0,0.4040218031820861,0
14978,1,5,1931.42,386.284,136,258,0,64.0,0.2,0,0.34499540461289335,0
14981,175,1,102.12,102.12,8,0,0,0.0,0.0,1,1.0,1
14984,109,1,110.17999999999999,110.17999999999999,16,0,1,0.0,0.0,1,1.0,1
14985,127,2,296.75,148.375,78,159,0,159.0,0.0,0,0.0,0
14987,294,1,163.2,163.2,2,0,1,0.0,0.0,1,0.0,0
14988,140,1,334.54,334.54,40,0,0,0.0,0.0,1,1.0,1
14995,209,1,119.31,119.31,37,0,1,0.0,0.0,1,0.0,0
14997,17,2,433.67999999999995,216.83999999999997,21,89,1,89.0,0.5,0,1.0,1
14998,99,2,429.87,214.935,70,71,0,71.0,0.0,0,1.0,1
15002,44,4,1641.76,410.44,93,251,0,83.33333333333333,0.25,0,0.43061546371090725,0
15004,76,1,1246.32,1246.32,154,0,0,0.0,1.0,1,1.0,1
15005,7,22,4948.79,224.945,290,287,1,13.238095238095237,0.36363636363636365,0,1.329086734892408,0
15007,88,1,156.91,156.91,12,0,0,0.0,1.0,1,1.0,1
15012,302,1,191.06,191.06,46,0,1,0.0,0.0,1,0.0,0
15014,105,1,117.72999999999999,117.72999999999999,2,0,1,0.0,0.0,1,1.0,1
15016,101,1,170.04,170.04,20,0,0,0.0,0.0,1,1.0,1
15018,181,2,291.34000000000003,145.67000000000002,17,114,1,114.0,0.0,0,0.0,0
15019,195,1,266.0,266.0,64,0,0,0.0,0.0,1,0.0,0
15021,15,6,1428.41,238.06833333333336,250,280,1,55.4,0.3333333333333333,0,1.2899882098644135,0
15023,45,8,5110.32,638.79,271,253,1,35.714285714285715,0.375,0,0.7945551408286907,0
15024,42,5,845.62,169.124,62,254,1,63.25,0.4,0,0.22893807496112423,0
15026,9,3,469.0,156.33333333333334,57,197,0,98.0,0.3333333333333333,0,2.1859056707652784,0
15027,97,3,966.9699999999999,322.3233333333333,27,70,1,34.5,0.0,0,1.0,1
15028,297,1,185.97,185.97,14,0,1,0.0,0.0,1,0.0,0
15030,0,2,518.28,259.14,7,196,0,196.0,0.5,0,2.3927729772191673,0
15031,39,2,261.79,130.895,42,172,1,172.0,0.5,0,0.7356626665782671,0
15032,185,3,4959.1,1653.0333333333335,29,110,0,55.0,0.0,0,0.0,0
15033,38,6,1629.1,271.51666666666665,203,220,1,43.4,0.5,0,0.6134435849559882,0
15034,161,5,2664.83,532.966,158,121,1,30.0,0.0,0,0.0,0
15035,18,1,252.73000000000002,252.73000000000002,26,0,0,0.0,1.0,1,1.0,1
15036,1,3,465.55,155.1833333333333,107,107,0,53.5,0.3333333333333333,0,1.0,1
15038,116,4,517.45,129.3625,90,182,1,60.333333333333336,0.0,0,0.0,0
15039,9,39,18786.04,481.6933333333333,382,288,1,7.157894736842105,0.2564102564102564,0,0.43311315723294896,0
15041,99,1,180.35,180.35,66,0,0,0.0,0.0,1,1.0,1
15042,128,1,135.93,135.93,5,0,0,0.0,0.0,1,1.0,1
15044,4,14,5550.13,396.4378571428571,152,286,1,21.615384615384617,0.14285714285714285,0,0.14083424499985978,0
15045,80,2,735.66,367.83,11,105,0,105.0,0.5,0,0.8916430959115454,0
15046,25,11,3984.5299999999997,362.23,124,241,1,23.6,0.18181818181818182,0,0.8659360151012172,0
15047,198,1,343.62,343.62,22,0,0,0.0,0.0,1,0.0,0
15048,45,3,324.53,108.17666666666666,74,251,1,125.0,0.3333333333333333,0,0.6897669706180343,0
15049,202,1,121.17000000000002,121.17000000000002,3,0,0,0.0,0.0,1,0.0,0
15050,0,2,1323.18,661.59,50,0,1,0.0,1.0,0,1.0,1
15051,79,1,377.74,377.74,34,0,1,0.0,1.0,1,1.0,1
15052,248,1,215.78,215.78,27,0,0,0.0,0.0,1,0.0,0
15053,85,2,478.6,239.3,28,125,1,125.0,0.5,0,1.1495620929710308,0
15057,204,2,1489.5,744.75,25,40,0,40.0,0.0,0,0.0,0
15058,10,8,1443.21,180.40125,138,230,1,32.714285714285715,0.25,0,0.90342418474282,0
15059,36,7,1008.6,144.0857142857143,127,227,1,37.333333333333336,0.2857142857142857,0,0.7452353275120976,0
15061,2,41,40567.76,989.4575609756098,59,298,1,7.225,0.21951219512195122,0,0.31958622379442897,0
15062,0,4,987.86,246.965,47,288,0,95.33333333333333,0.25,0,0.37706625016269685,0
15063,142,1,370.79999999999995,370.79999999999995,5,0,0,0.0,0.0,1,1.0,1
15065,93,3,2858.75,952.9166666666666,132,126,1,63.0,0.0,0,0.0,0
15067,7,3,1744.76,581.5866666666666,82,204,0,102.0,0.6666666666666666,0,1.0573786922940869,0
15068,185,1,239.95999999999998,239.95999999999998,39,0,1,0.0,0.0,1,0.0,0
15069,108,1,1109.53,1109.53,70,0,0,0.0,0.0,1,1.0,1
15070,301,1,106.2,106.2,1,0,0,0.0,0.0,1,0.0,0
15071,22,2,982.07,491.0350000000001,25,182,0,182.0,0.5,0,0.6682861365450933,0
15073,114,2,861.96,430.98,22,1,1,1.0,0.0,0,1.0,1
15074,34,1,748.87,748.87,41,0,0,0.0,1.0,1,1.0,1
15075,6,1,773.03,773.03,27,0,0,0.0,1.0,1,1.0,1
15076,101,1,880.85,880.85,49,0,0,0.0,0.0,1,1.0,1
15078,3,24,7580.150000000001,315.83958333333334,83,294,1,12.434782608695652,0.4166666666666667,0,1.3188617987215234,0
15079,141,4,895.61,223.9025,46,153,0,50.666666666666664,0.0,0,0.0,0
15081,15,3,336.25,112.08333333333333,21,280,1,139.5,0.3333333333333333,0,0.7935222672064777,0
15083,185,1,88.2,88.2,5,0,0,0.0,0.0,1,0.0,0
15087,210,1,306.94,306.94,15,0,0,0.0,0.0,1,0.0,0
15089,23,3,2036.28,678.76,117,34,1,16.5,1.0,0,1.0,1
15090,237,1,381.32,381.32,23,0,0,0.0,0.0,1,0.0,0
15092,144,2,457.81,228.90500000000003,23,68,0,68.0,0.0,0,0.0,0
15093,45,5,4027.1,805.4200000000001,51,255,1,63.25,0.2,0,0.2421702436607112,0
15095,32,4,1370.6,342.65,30,99,0,33.0,0.75,0,1.0,1
15098,111,3,39916.5,13305.5,1,0,0,0.0,0.0,0,1.0,1
15099,13,1,410.48,410.48,23,0,0,0.0,1.0,1,1.0,1
15100,262,3,876.0,292.0,1,40,0,19.5,0.0,0,0.0,0
15101,288,1,102.28,102.28,4,0,1,0.0,0.0,1,0.0,0
15103,15,1,291.68,291.68,13,0,1,0.0,1.0,1,1.0,1
15104,125,2,1027.44,513.72,66,85,0,85.0,0.0,0,0.0,0
15105,15,3,1176.54,392.18,45,48,1,24.0,1.0,0,1.0,1
15106,70,3,1032.83,344.27666666666664,67,128,1,63.5,0.3333333333333333,0,0.6193815437058682,0
15107,240,6,319.5,53.25,12,61,0,11.8,0.0,0,0.0,0
15108,70,4,1300.25,325.0625,50,85,0,28.333333333333332,0.25,0,1.0,1
15109,174,1,484.95,484.95,28,0,0,0.0,0.0,1,1.0,1
15110,55,2,376.55,188.275,13,191,1,191.0,0.5,0,1.219569702328323,0
15111,301,1,288.5,288.5,16,0,1,0.0,0.0,1,0.0,0
15114,0,9,2252.28,250.2533333333333,112,230,1,28.375,0.5555555555555556,0,4.728932638486778,0
15116,63,2,790.97,395.485,20,70,1,70.0,0.5,0,1.0,1
15117,49,2,675.73,337.865,31,94,1,94.0,0.5,0,1.0,1
15118,63,1,244.8,244.8,1,0,0,0.0,1.0,1,1.0,1
15119,174,1,266.4,266.4,14,0,0,0.0,0.0,1,1.0,1
15120,62,1,358.82,358.82,21,0,0,0.0,1.0,1,1.0,1
15121,217,1,295.15,295.15,18,0,1,0.0,0.0,1,0.0,0
15122,43,3,1633.78,544.5933333333334,65,183,0,91.0,0.3333333333333333,0,1.7710306266371147,0
15123,135,1,1069.47,1069.47,53,0,1,0.0,0.0,1,1.0,1
15124,120,1,90.75,90.75,9,0,1,0.0,0.0,1,1.0,1
15125,42,12,10795.48,899.6233333333333,97,157,1,14.181818181818182,0.3333333333333333,0,0.6288402657724271,0
15128,55,3,1170.24,390.08,66,92,1,45.5,0.3333333333333333,0,1.0,1
15129,35,10,2796.73,279.673,48,185,1,20.0,0.3,0,1.5086389815095487,0
15130,98,1,330.11,330.11,22,0,0,0.0,0.0,1,1.0,1
15132,34,3,842.23,280.74333333333334,47,156,1,78.0,0.3333333333333333,0,1.1229881760525227,0
15133,56,3,982.42,327.47333333333336,27,174,0,86.5,0.3333333333333333,0,0.49326645386836915,0
15134,1,5,897.5500000000001,179.51,34,168,1,41.5,0.4,0,1.0,1
15135,168,1,139.05,139.05,9,0,0,0.0,0.0,1,1.0,1
15136,25,1,582.9,582.9,29,0,1,0.0,1.0,1,1.0,1
15139,168,2,178.96,89.48,13,96,0,96.0,0.0,0,0.0,0
15140,8,6,2052.85,342.14166666666665,64,184,1,36.6,0.5,0,2.07419029474392,0
15143,154,1,259.45,259.45,14,0,0,0.0,0.0,1,1.0,1
15144,0,12,4005.64,333.80333333333334,100,240,1,21.454545454545453,0.5833333333333334,0,3.561814033789617,0
15145,156,2,724.03,362.015,35,21,1,21.0,0.0,0,1.0,1
15146,93,2,1327.16,663.58,90,126,0,126.0,0.0,0,0.0,0
15147,169,1,623.5,623.5,28,0,0,0.0,0.0,1,1.0,1
15149,62,1,520.8000000000001,520.8000000000001,23,0,0,0.0,1.0,1,1.0,1
15150,2,7,4368.49,624.0699999999999,256,195,1,32.166666666666664,0.7142857142857143,0,6.085625935162096,0
15152,13,7,2712.23,387.4614285714286,120,102,1,16.5,0.8571428571428571,0,1.0,1
15154,4,1,296.42,296.42,66,0,0,0.0,1.0,1,1.0,1
15157,83,2,1505.37,752.6850000000001,89,203,1,203.0,0.5,0,0.3868498148250513,0
15159,18,20,9563.85,478.1925,226,271,1,13.947368421052632,0.25,0,1.0197003776601776,0
15160,286,1,158.16,158.16,4,0,0,0.0,0.0,1,0.0,0
15163,121,1,155.0,155.0,10,0,1,0.0,0.0,1,1.0,1
15164,137,2,368.18,184.09,52,130,1,130.0,0.0,0,0.0,0
15165,302,1,487.75,487.75,27,0,0,0.0,0.0,1,0.0,0
15167,249,1,163.0,163.0,39,0,0,0.0,0.0,1,0.0,0
15171,260,1,1289.5,1289.5,5,0,0,0.0,0.0,1,0.0,0
15172,64,3,886.74,295.58,60,100,1,50.0,0.3333333333333333,0,1.0,1
15174,251,1,135.75,135.75,11,0,0,0.0,0.0,1,0.0,0
15175,0,1,224.14,224.14,23,0,0,0.0,1.0,1,1.0,1
15178,189,1,40.5,40.5,3,0,0,0.0,0.0,1,0.0,0
15179,162,3,1455.12,485.03999999999996,45,85,1,42.5,0.0,0,0.0,0
15180,296,1,87.5,87.5,6,0,0,0.0,0.0,1,0.0,0
15181,104,2,434.99999999999994,217.5,10,94,1,94.0,0.0,0,0.0,0
15182,83,2,622.85,311.425,24,114,0,114.0,0.5,0,0.6811973655797885,0
15184,119,1,235.23000000000002,235.23000000000002,20,0,1,0.0,0.0,1,1.0,1
15186,97,1,229.26,229.26,10,0,1,0.0,0.0,1,1.0,1
15187,20,6,1883.88,313.98,37,120,1,23.6,0.6666666666666666,0,1.0,1
15189,20,33,12635.77,382.90212121212124,72,241,1,7.03125,0.42424242424242425,0,2.73666834196981,0
15192,48,3,1044.32,348.1066666666666,36,245,0,122.5,0.3333333333333333,0,0.9724761904761906,0
15194,7,13,5488.22,422.1707692307692,177,290,1,23.75,0.23076923076923078,0,0.5651800312682747,0
15197,181,2,773.25,386.625,15,105,1,105.0,0.0,0,0.0,0
15198,21,2,193.64,96.82,10,31,0,31.0,1.0,0,1.0,1
15199,23,3,967.75,322.5833333333333,4,213,1,106.0,0.3333333333333333,0,0.8796374964599265,0
15201,16,5,1236.54,247.308,35,160,0,39.75,0.6,0,1.0,1
15203,8,5,1517.72,303.544,75,231,1,57.5,0.6,0,3.8917618193828445,0
15204,286,1,316.58,316.58,9,0,0,0.0,0.0,1,0.0,0
15205,14,2,653.24,326.62,37,42,0,42.0,1.0,0,1.0,1
15206,28,3,236.7,78.89999999999999,3,176,1,88.0,0.6666666666666666,0,10.0,0
15208,92,2,323.52,161.76,16,190,1,190.0,0.0,0,0.0,0
15210,154,1,331.18,331.18,20,0,0,0.0,0.0,1,1.0,1
15211,294,1,383.07,383.07,23,0,1,0.0,0.0,1,0.0,0
15212,170,1,101.8,101.8,5,0,0,0.0,0.0,1,1.0,1
15213,247,2,328.35,164.17499999999998,22,11,0,11.0,0.0,0,0.0,0
15214,4,3,956.75,318.9166666666667,64,167,1,83.0,0.3333333333333333,0,1.0,1
15215,25,1,300.04,300.04,16,0,1,0.0,1.0,1,1.0,1
15216,16,1,96.6,96.6,2,0,0,0.0,1.0,1,1.0,1
15218,3,9,4645.91,516.2122222222222,71,244,1,30.25,0.5555555555555556,0,1.9813341024416184,0
15219,105,1,305.75,305.75,9,0,0,0.0,0.0,1,1.0,1
15220,44,5,1284.05,256.81,84,165,1,40.75,0.2,0,1.0668438201891746,0
15221,295,1,403.25,403.25,5,0,0,0.0,0.0,1,0.0,0
15222,247,1,585.0,585.0,5,0,0,0.0,0.0,1,0.0,0
15223,154,2,755.75,377.875,14,23,0,23.0,0.0,0,1.0,1
15224,287,2,322.08,161.04000000000002,13,4,0,4.0,0.0,0,0.0,0
15225,163,1,409.40000000000003,409.40000000000003,23,0,0,0.0,0.0,1,1.0,1
15226,239,1,154.41,154.41,8,0,0,0.0,0.0,1,0.0,0
15227,144,3,876.8199999999999,292.2733333333333,36,101,1,50.0,0.0,0,0.0,0
15228,58,3,2224.03,741.3433333333332,83,165,1,82.0,0.3333333333333333,0,1.0726418743438138,0
15230,168,2,429.6,214.8,23,1,0,1.0,0.0,0,1.0,1
15232,42,2,612.06,306.03,26,27,0,27.0,1.0,0,1.0,1
15234,205,1,197.0,197.0,14,0,0,0.0,0.0,1,0.0,0
15235,146,12,2247.51,187.29250000000002,132,155,0,13.727272727272727,0.0,0,0.0,0
15236,227,1,321.05,321.05,15,0,0,0.0,0.0,1,0.0,0
15237,7,3,1328.72,442.9066666666667,89,149,1,74.0,0.3333333333333333,0,1.0,1
15238,24,2,772.78,386.39,37,88,1,88.0,0.5,0,1.0,1
15239,7,1,461.79,461.79,30,0,1,0.0,1.0,1,1.0,1
15240,13,4,1382.55,345.6375,41,227,1,75.66666666666667,0.25,0,1.0775647171620326,0
15241,2,7,1411.52,201.6457142857143,75,210,1,34.5,0.42857142857142855,0,0.8756228973262843,0
15243,3,1,316.68,316.68,22,0,0,0.0,1.0,1,1.0,1
15244,177,1,297.94,297.94,15,0,1,0.0,0.0,1,1.0,1
15245,63,3,2515.84,838.6133333333333,55,127,0,63.0,0.3333333333333333,0,0.6217598363537572,0
15246,167,2,514.15,257.07500000000005,32,120,0,120.0,0.0,0,0.0,0
15247,51,1,356.0,356.0,6,0,0,0.0,1.0,1,1.0,1
15249,20,11,5639.34,512.6672727272727,188,164,1,16.1,0.5454545454545454,0,2.792886945758719,0
15251,20,8,9695.82,1211.9775,92,150,1,21.0,0.625,0,1.0,1
15252,112,1,300.55,300.55,14,0,1,0.0,0.0,1,1.0,1
15253,17,3,640.6,213.5333333333333,37,81,1,40.5,0.6666666666666666,0,1.0,1
15254,56,1,300.36,300.36,18,0,0,0.0,1.0,1,1.0,1
15256,77,1,98.45,98.45,6,0,0,0.0,1.0,1,1.0,1
15257,212,1,317.15,317.15,7,0,0,0.0,0.0,1,0.0,0
15258,97,2,623.16,311.58000000000004,32,48,0,48.0,0.0,0,1.0,1
15260,29,7,1810.77,258.68142857142857,62,272,0,44.833333333333336,0.2857142857142857,0,1.2848751486325802,0
15261,64,1,254.82,254.82,19,0,0,0.0,1.0,1,1.0,1
15262,252,1,178.95000000000002,178.95000000000002,10,0,0,0.0,0.0,1,0.0,0
15263,35,1,156.51,156.51,12,0,0,0.0,1.0,1,1.0,1
15265,80,2,1506.1200000000001,753.06,76,84,0,84.0,0.5,0,1.0,1
15266,267,1,119.3,119.3,6,0,0,0.0,0.0,1,0.0,0
15267,84,2,1407.76,703.88,7,27,1,27.0,0.5,0,1.0,1
15270,46,5,1850.29,370.058,21,192,1,47.75,0.2,0,0.5293931919092254,0
15271,23,10,1596.62,159.66199999999998,116,270,1,29.444444444444443,0.4,0,1.8800054817048102,0
15272,15,1,298.96,298.96,27,0,1,0.0,1.0,1,1.0,1
15279,283,1,290.51,290.51,19,0,0,0.0,0.0,1,0.0,0
15280,101,1,113.12,113.12,16,0,0,0.0,0.0,1,1.0,1
15281,65,8,2191.78,273.9725,113,196,1,27.428571428571427,0.25,0,0.26057344490769485,0
15288,84,4,2006.3600000000001,501.59000000000003,74,209,1,69.33333333333333,0.25,0,0.33179451579312735,0
15289,66,2,697.98,348.99,41,111,1,111.0,0.5,0,1.0,1
15290,8,13,4459.87,343.06692307692305,51,279,1,22.833333333333332,0.38461538461538464,0,1.7589385353410918,0
15291,23,12,3685.02,307.085,57,278,1,24.90909090909091,0.08333333333333333,0,0.1912695246415748,0
15292,130,1,180.94,180.94,24,0,0,0.0,0.0,1,1.0,1
15296,38,5,2599.49,519.8979999999999,118,217,1,53.75,0.2,0,0.42356982648645497,0
15298,21,7,3358.2200000000003,479.7457142857143,87,273,1,45.166666666666664,0.2857142857142857,0,1.2766222021252542,0
15299,93,5,3035.01,607.0020000000001,5,208,1,51.75,0.0,0,0.0,0
15301,1,11,4466.59,406.0536363636364,130,295,1,29.1,0.36363636363636365,0,1.2759613232808849,0
15303,219,1,574.02,574.02,31,0,0,0.0,0.0,1,0.0,0
15304,14,7,582.5,83.21428571428571,8,282,1,46.666666666666664,0.14285714285714285,0,0.32403433476394844,0
15306,21,2,657.07,328.53499999999997,30,55,1,55.0,1.0,0,1.0,1
15307,24,1,205.3,205.3,12,0,0,0.0,1.0,1,1.0,1
15308,203,1,310.47,310.47,19,0,0,0.0,0.0,1,0.0,0
15311,2,70,48473.58,692.4797142857143,522,300,1,3.7681159420289854,0.3,0,0.5873626027152278,0
15312,4,4,924.85,231.2125,42,279,0,92.33333333333333,0.5,0,1.0939117829778422,0
15313,39,1,52.0,52.0,1,0,0,0.0,1.0,1,1.0,1
15314,128,1,327.97,327.97,24,0,0,0.0,0.0,1,1.0,1
15315,45,1,233.54,233.54,16,0,1,0.0,1.0,1,1.0,1
15316,255,1,165.0,165.0,1,0,0,0.0,0.0,1,0.0,0
15319,212,1,204.5,204.5,16,0,0,0.0,0.0,1,0.0,0
15321,220,1,1159.47,1159.47,38,0,0,0.0,0.0,1,0.0,0
15322,14,1,679.68,679.68,42,0,0,0.0,1.0,1,1.0,1
15325,32,1,162.29,162.29,47,0,0,0.0,1.0,1,1.0,1
15326,262,1,311.71,311.71,29,0,0,0.0,0.0,1,0.0,0
15329,63,2,754.0,377.0,42,37,1,37.0,0.5,0,1.0,1
15332,295,4,1661.06,415.265,29,3,0,1.0,0.0,0,0.0,0
15333,137,1,1028.56,1028.56,16,0,0,0.0,0.0,1,1.0,1
15334,85,3,351.67,117.22333333333334,67,16,0,8.0,0.3333333333333333,0,1.0,1
15339,247,1,257.9,257.9,40,0,1,0.0,0.0,1,0.0,0
15341,9,1,2020.52,2020.52,17,0,0,0.0,1.0,1,1.0,1
15342,58,1,406.09,406.09,24,0,0,0.0,1.0,1,1.0,1
15343,16,1,364.5,364.5,21,0,0,0.0,1.0,1,1.0,1
15344,3,1,308.69,308.69,17,0,1,0.0,1.0,1,1.0,1
15346,261,1,252.42000000000002,252.42000000000002,17,0,0,0.0,0.0,1,0.0,0
15347,295,1,201.60000000000002,201.60000000000002,5,0,0,0.0,0.0,1,0.0,0
15348,1,1,158.04,158.04,9,0,0,0.0,1.0,1,1.0,1
15349,87,2,473.81,236.905,65,29,0,29.0,0.5,0,1.0,1
15350,302,1,115.65,115.65,5,0,0,0.0,0.0,1,0.0,0
15351,8,2,876.24,438.12,90,290,1,290.0,0.5,0,2.1901554592784067,0
15353,183,2,777.02,388.51,59,113,0,113.0,0.0,0,0.0,0
15356,0,9,2616.46,290.71777777777777,209,296,1,36.625,0.3333333333333333,0,1.6279508818356379,0
15358,3,18,6734.86,374.1588888888889,280,291,1,16.88235294117647,0.2777777777777778,0,0.5663773901472416,0
15361,290,1,418.92,418.92,7,0,0,0.0,0.0,1,0.0,0
15363,301,1,326.0,326.0,16,0,0,0.0,0.0,1,0.0,0
15364,24,2,913.19,456.595,29,158,0,158.0,0.5,0,1.0,1
15365,10,4,1945.15,486.2875,56,233,1,77.66666666666667,0.75,0,8.324337280092038,0
15366,4,2,602.51,301.255,37,282,0,282.0,0.5,0,4.708830775061589,0
15367,174,2,1416.18,708.09,65,29,1,29.0,0.0,0,0.0,0
15370,0,5,2039.25,407.85,65,261,1,64.75,0.4,0,1.2082814033040756,0
15372,66,1,2007.3999999999999,2007.3999999999999,27,0,0,0.0,1.0,1,1.0,1
15373,44,9,1686.9,187.43333333333334,65,255,1,31.625,0.2222222222222222,0,0.18511111111111114,0
15374,57,1,168.0,168.0,3,0,0,0.0,1.0,1,1.0,1
15376,46,2,989.02,494.51,94,105,1,105.0,0.5,0,1.0,1
15379,98,7,3703.29,529.0414285714286,145,189,0,30.833333333333332,0.0,0,0.0,0
15380,15,3,1004.5600000000001,334.8533333333334,19,279,1,139.0,0.6666666666666666,0,3.3657540199913076,0
15381,142,2,596.85,298.42499999999995,8,54,0,54.0,0.0,0,0.0,0
15382,13,5,4709.9,941.9799999999999,174,210,1,52.25,0.2,0,2.5335779168546826,0
15384,98,2,642.41,321.205,34,189,0,189.0,0.0,0,0.0,0
15386,115,1,394.14,394.14,31,0,0,0.0,0.0,1,1.0,1
15388,199,1,140.54,140.54,10,0,0,0.0,0.0,1,0.0,0
15389,101,1,500.0,500.0,1,0,0,0.0,0.0,1,1.0,1
15392,17,2,665.46,332.73,43,271,1,271.0,0.5,0,0.9631246681220129,0
15393,210,1,124.10000000000001,124.10000000000001,8,0,1,0.0,0.0,1,0.0,0
15394,7,3,1854.14,618.0466666666666,53,280,1,140.0,0.3333333333333333,0,0.7107851478746212,0
15395,254,1,107.45,107.45,7,0,0,0.0,0.0,1,0.0,0
15396,41,1,288.18,288.18,14,0,0,0.0,1.0,1,1.0,1
15397,218,1,94.0,94.0,6,0,0,0.0,0.0,1,0.0,0
15398,7,1,634.85,634.85,35,0,1,0.0,1.0,1,1.0,1
15399,8,1,305.17,305.17,15,0,1,0.0,1.0,1,1.0,1
15400,21,5,716.2,143.24,10,186,0,46.25,0.6,0,0.7437156891071943,0
15402,77,2,626.77,313.385,35,47,0,47.0,0.5,0,1.0,1
15405,118,1,349.1,349.1,8,0,0,0.0,0.0,1,1.0,1
15406,230,1,252.29,252.29,42,0,1,0.0,0.0,1,0.0,0
15407,112,3,740.73,246.91,62,121,1,60.5,0.0,0,0.0,0
15408,193,1,267.18,267.18,34,0,0,0.0,0.0,1,0.0,0
15410,13,8,3450.84,431.355,48,177,0,24.714285714285715,0.375,0,2.8460794563512812,0
15411,53,2,382.21,191.10500000000002,22,58,1,58.0,0.5,0,1.0,1
15412,100,1,190.53,190.53,10,0,0,0.0,0.0,1,1.0,1
15414,171,1,36.2,36.2,5,0,1,0.0,0.0,1,1.0,1
15415,242,1,572.8100000000001,572.8100000000001,46,0,0,0.0,0.0,1,0.0,0
15416,84,3,3144.33,1048.11,135,127,1,63.5,0.3333333333333333,0,0.6325441377505018,0
15417,14,1,508.8,508.8,28,0,0,0.0,1.0,1,1.0,1
15421,144,3,739.36,246.45333333333335,35,94,1,47.0,0.0,0,0.0,0
15422,252,2,97.7,48.85,6,0,0,0.0,0.0,0,0.0,0
15424,183,2,383.34,191.67000000000002,17,0,0,0.0,0.0,0,1.0,1
15426,186,2,662.98,331.49,101,112,1,112.0,0.0,0,0.0,0
15429,4,1,243.06,243.06,44,0,1,0.0,1.0,1,1.0,1
15433,142,2,533.3,266.65,40,53,0,53.0,0.0,0,0.0,0
15434,36,3,587.28,195.76,32,93,1,46.5,0.6666666666666666,0,1.0,1
15436,163,1,489.05,489.05,124,0,1,0.0,0.0,1,1.0,1
15437,191,1,200.16,200.16,44,0,0,0.0,0.0,1,0.0,0
15438,60,1,156.57999999999998,156.57999999999998,25,0,0,0.0,1.0,1,1.0,1
15440,65,2,237.66,118.83,25,72,1,72.0,0.5,0,1.0,1
15442,177,1,594.0,594.0,2,0,0,0.0,0.0,1,1.0,1
15443,2,3,1054.34,351.4466666666667,106,246,1,122.5,0.6666666666666666,0,1.4087637933791781,0
15445,193,1,113.5,113.5,5,0,0,0.0,0.0,1,0.0,0
15447,259,1,155.17,155.17,9,0,0,0.0,0.0,1,0.0,0
15448,241,1,494.64,494.64,28,0,0,0.0,0.0,1,0.0,0
15449,114,2,647.7,323.85,30,76,1,76.0,0.0,0,0.0,0
15452,0,2,413.33,206.665,44,192,1,192.0,0.5,0,0.6717087967644083,0
15453,21,4,712.8,178.2,102,95,1,31.333333333333332,0.5,0,1.0,1
15454,291,1,179.1,179.1,23,0,0,0.0,0.0,1,0.0,0
15456,212,3,447.22,149.07333333333335,48,75,0,37.5,0.0,0,0.0,0
15457,191,1,237.07,237.07,56,0,0,0.0,0.0,1,0.0,0
15460,283,1,216.76,216.76,53,0,0,0.0,0.0,1,0.0,0
15462,23,3,234.6,78.2,9,92,0,46.0,0.6666666666666666,0,1.0,1
15464,267,1,1048.85,1048.85,155,0,0,0.0,0.0,1,0.0,0
15465,11,16,6419.08,401.1925,41,287,1,18.666666666666668,0.1875,0,0.28369165950723607,0
15466,14,1,334.53,334.53,56,0,0,0.0,1.0,1,1.0,1
15467,74,2,402.56,201.28,36,7,1,7.0,1.0,0,1.0,1
15469,49,1,304.3,304.3,16,0,1,0.0,1.0,1,1.0,1
15472,42,1,371.56,371.56,76,0,0,0.0,1.0,1,1.0,1
15475,6,1,454.10999999999996,454.10999999999996,29,0,0,0.0,1.0,1,1.0,1
15480,45,1,905.5,905.5,45,0,0,0.0,1.0,1,1.0,1
15482,94,4,2103.5,525.875,17,193,1,64.0,0.0,0,0.0,0
15483,90,4,233.81,58.4525,74,105,0,35.0,0.75,0,1.0357858075750979,0
15484,7,1,1636.52,1636.52,110,0,1,0.0,1.0,1,1.0,1
15485,265,2,1278.63,639.315,33,37,1,37.0,0.0,0,0.0,0
15488,21,1,91.32000000000001,91.32000000000001,2,0,0,0.0,1.0,1,1.0,1
15489,140,1,348.26,348.26,23,0,1,0.0,0.0,1,1.0,1
15491,24,6,3100.09,516.6816666666667,108,140,0,27.6,0.3333333333333333,0,1.0,1
15492,3,1,487.74,487.74,28,0,1,0.0,1.0,1,1.0,1
15493,78,3,1318.75,439.5833333333333,126,120,1,59.5,0.3333333333333333,0,0.6821219095701241,0
15494,50,1,1127.38,1127.38,87,0,1,0.0,1.0,1,1.0,1
15497,248,1,970.6,970.6,10,0,1,0.0,0.0,1,0.0,0
15498,13,21,10183.55,484.9309523809524,304,281,1,13.8,0.23809523809523808,0,0.4452396704155891,0
15500,10,1,406.02,406.02,18,0,1,0.0,1.0,1,1.0,1
15502,18,8,6276.03,784.50375,161,279,1,39.57142857142857,0.5,0,1.3768699393287533,0
15503,291,1,147.09,147.09,66,0,0,0.0,0.0,1,0.0,0
15504,10,1,52.83,52.83,13,0,0,0.0,1.0,1,1.0,1
15505,13,4,2730.38,682.595,64,70,1,23.333333333333332,1.0,0,1.0,1
15506,67,1,209.35,209.35,45,0,1,0.0,1.0,1,1.0,1
15507,100,1,492.36,492.36,41,0,0,0.0,0.0,1,1.0,1
15508,118,6,1000.27,166.71166666666667,78,46,0,8.8,0.0,0,1.0,1
15510,259,1,250.0,250.0,1,0,0,0.0,0.0,1,0.0,0
15511,14,1,202.9,202.9,23,0,1,0.0,1.0,1,1.0,1
15512,84,2,121.0,60.5,7,203,0,203.0,0.5,0,0.19565217391304343,0
15513,23,17,11352.14,667.7729411764707,160,278,1,17.0625,0.23529411764705882,0,0.9421478458692205,0
15514,154,6,2561.94,426.99,50,138,1,27.2,0.0,0,0.0,0
15517,162,1,267.03,267.03,27,0,0,0.0,0.0,1,1.0,1
15518,53,7,1624.76,232.10857142857142,125,208,1,34.166666666666664,0.42857142857142855,0,1.0103702529136607,0
15521,23,7,2326.7799999999997,332.3971428571428,113,160,1,26.333333333333332,0.42857142857142855,0,1.0,1
15522,16,1,259.9,259.9,41,0,1,0.0,1.0,1,1.0,1
15523,13,1,412.01000000000005,412.01000000000005,10,0,0,0.0,1.0,1,1.0,1
15525,302,1,313.93,313.93,44,0,1,0.0,0.0,1,0.0,0
15527,18,6,1608.3400000000001,268.0566666666667,82,264,1,52.4,0.3333333333333333,0,0.7945028433568845,0
15528,183,1,229.33,229.33,26,0,0,0.0,0.0,1,1.0,1
15529,16,9,3216.12,357.34666666666664,359,278,1,34.25,0.2222222222222222,0,0.9727106740508966,0
15530,78,3,1168.73,389.57666666666665,77,97,1,48.0,0.3333333333333333,0,1.0,1
15532,60,3,1225.79,408.59666666666664,165,226,1,112.5,0.3333333333333333,0,0.909499087975305,0
15533,11,2,554.74,277.37,41,6,1,6.0,1.0,0,1.0,1
15535,102,4,536.4,134.10000000000002,55,154,0,51.333333333333336,0.0,0,0.0,0
15537,92,1,110.92,110.92,24,0,0,0.0,0.0,1,1.0,1
15541,43,1,85.13000000000001,85.13000000000001,29,0,0,0.0,1.0,1,1.0,1
15543,217,1,127.86,127.86,26,0,0,0.0,0.0,1,0.0,0
15544,48,7,2772.37,396.05285714285714,95,252,1,41.666666666666664,0.2857142857142857,0,0.5794916271932752,0
15545,300,1,135.32999999999998,135.32999999999998,31,0,1,0.0,0.0,1,0.0,0
15547,11,11,3729.77,339.07,314,280,1,27.6,0.36363636363636365,0,0.7720864114096618,0
15549,6,3,1693.26,564.42,104,239,0,119.0,0.6666666666666666,0,0.7973251247213671,0
15550,35,3,433.28,144.42666666666665,36,195,1,97.0,0.3333333333333333,0,1.1184916606236404,0
15552,146,1,90.12,90.12,17,0,0,0.0,0.0,1,1.0,1
15554,206,1,217.2,217.2,14,0,0,0.0,0.0,1,0.0,0
15555,7,11,3173.14,288.4672727272727,289,291,1,28.8,0.2727272727272727,0,1.0619607605423207,0
15561,78,3,449.66999999999996,149.89000000000001,16,65,1,32.5,0.6666666666666666,0,1.0,1
15562,280,1,134.55,134.55,1,0,0,0.0,0.0,1,0.0,0
15563,129,2,735.62,367.81,55,158,1,158.0,0.0,0,0.0,0
15568,2,1,228.31,228.31,20,0,1,0.0,1.0,1,1.0,1
15569,32,5,1375.71,275.142,27,228,0,56.75,0.8,0,3.7684922010398605,0
15570,70,9,2826.68,314.0755555555556,184,227,1,27.875,0.1111111111111111,0,0.1518378702579016,0
15571,7,1,202.35,202.35,15,0,1,0.0,1.0,1,1.0,1
15572,38,4,1555.29,388.8225,109,168,1,55.666666666666664,0.25,0,1.523289453028638,0
15573,14,1,410.7,410.7,50,0,1,0.0,1.0,1,1.0,1
15574,106,4,702.25,175.5625,131,194,0,64.33333333333333,0.0,0,0.0,0
15577,80,3,258.88,86.29333333333334,39,154,0,77.0,0.6666666666666666,0,7.731197301854976,0
15578,91,1,127.1,127.1,13,0,0,0.0,1.0,1,1.0,1
15579,242,1,199.6,199.6,25,0,1,0.0,0.0,1,0.0,0
15581,49,13,3679.9700000000003,283.0746153846154,134,245,0,19.916666666666668,0.3076923076923077,0,7.248215568862276,0
15582,29,2,541.51,270.755,33,120,1,120.0,0.5,0,1.0,1
15584,1,2,292.68,146.34,43,89,1,89.0,1.0,0,1.0,1
15585,105,1,455.3,455.3,31,0,0,0.0,0.0,1,1.0,1
15587,18,3,801.72,267.24,3,262,1,131.0,0.6666666666666666,0,1.3246346555323592,0
15589,184,3,478.53000000000003,159.51,28,54,0,27.0,0.0,0,0.0,0
15594,10,3,1506.43,502.1433333333334,81,153,1,76.5,0.6666666666666666,0,1.0,1
15596,29,5,1406.59,281.318,51,264,0,65.5,0.2,0,0.01564090698750578,0
15599,133,1,448.83,448.83,29,0,1,0.0,0.0,1,1.0,1
15601,18,12,5817.02,484.7516666666667,202,283,1,25.181818181818183,0.16666666666666666,0,0.18300353543348638,0
15602,129,5,542.95,108.59,12,167,1,41.25,0.0,0,0.0,0
15603,7,1,48.480000000000004,48.480000000000004,2,0,0,0.0,1.0,1,1.0,1
15605,18,4,894.78,223.695,46,283,1,94.0,0.25,0,0.5418432203389831,0
15606,48,8,2439.38,304.9225,42,205,1,28.857142857142858,0.125,0,0.20141218357057927,0
15607,265,1,104.76,104.76,13,0,0,0.0,0.0,1,0.0,0
15608,49,1,285.68,285.68,18,0,1,0.0,1.0,1,1.0,1
15609,113,1,298.48,298.48,16,0,0,0.0,0.0,1,1.0,1
15611,32,8,947.1400000000001,118.39250000000001,17,230,1,32.42857142857143,0.25,0,1.208054298642534,0
15615,34,19,7367.85,387.7815789473684,153,253,1,13.722222222222221,0.3684210526315789,0,0.7220648209214371,0
15618,21,3,419.041,139.68033333333332,22,44,1,22.0,1.0,0,1.0,1
15620,149,2,875.01,437.505,59,137,1,137.0,0.0,0,0.0,0
15622,15,8,3327.61,415.95125,154,195,1,27.714285714285715,0.375,0,1.2597395833333334,0
15623,70,1,301.03,301.03,19,0,0,0.0,1.0,1,1.0,1
15624,45,4,588.13,147.0325,26,139,0,46.0,0.5,0,1.5047852093529095,0
15625,32,4,1534.26,383.56499999999994,44,131,0,43.0,0.5,0,1.0,1
15626,3,2,675.8,337.9,49,254,0,254.0,0.5,0,1.3974741024549453,0
15628,27,5,1625.4,325.08000000000004,58,268,1,66.75,0.4,0,0.8976425811493323,0
15630,133,1,396.86,396.86,21,0,1,0.0,0.0,1,1.0,1
15632,50,6,2351.84,391.97333333333336,76,153,1,30.2,0.3333333333333333,0,2.015001393710564,0
15636,18,2,724.76,362.38,20,192,0,192.0,0.5,0,1.3630909683730028,0
15639,63,1,425.32,425.32,25,0,0,0.0,1.0,1,1.0,1
15640,7,12,9443.6,786.9666666666667,210,293,1,26.181818181818183,0.3333333333333333,0,0.6121263241117622,0
15641,34,4,1887.2,471.80000000000007,102,253,0,84.0,0.25,0,0.4457092953775912,0
15643,120,3,664.0,221.33333333333334,31,90,0,45.0,0.0,0,0.0,0
15644,95,4,813.0,203.25,166,94,0,31.0,0.0,0,0.0,0
15646,86,3,447.64000000000004,149.21333333333334,35,214,0,107.0,0.3333333333333333,0,0.5669125395152792,0
15648,133,2,657.35,328.675,23,62,0,62.0,0.0,0,0.0,0
15649,265,2,816.0,408.0,1,31,0,31.0,0.0,0,0.0,0
15651,189,1,227.32,227.32,16,0,1,0.0,0.0,1,0.0,0
15652,20,1,337.74,337.74,21,0,0,0.0,1.0,1,1.0,1
15653,21,2,877.4399999999999,438.71999999999997,4,23,0,23.0,1.0,0,1.0,1
15655,172,1,560.67,560.67,34,0,0,0.0,0.0,1,1.0,1
15656,107,3,563.63,187.87666666666667,34,105,1,52.5,0.0,0,0.0,0
15658,119,5,1024.1000000000001,204.82,40,182,0,45.25,0.0,0,0.0,0
15660,14,7,1256.5,179.5,48,280,1,46.333333333333336,0.42857142857142855,0,1.420477628328301,0
15661,246,2,309.8,154.89999999999998,4,21,0,21.0,0.0,0,0.0,0
15663,35,1,138.14,138.14,9,0,0,0.0,1.0,1,1.0,1
15665,97,2,2242.01,1121.005,92,74,0,74.0,0.0,0,1.0,1
15668,146,1,76.32000000000001,76.32000000000001,1,0,0,0.0,0.0,1,1.0,1
15669,32,3,565.54,188.51333333333332,29,160,1,79.5,0.3333333333333333,0,0.6579476861167002,0
15670,225,1,173.05,173.05,12,0,0,0.0,0.0,1,0.0,0
15671,23,5,1972.89,394.57800000000003,47,176,1,43.5,0.4,0,1.4300104995663223,0
15673,17,4,2881.02,720.255,107,238,0,79.0,0.5,0,1.1292231558327748,0
15674,2,5,2446.6,489.32000000000005,88,181,0,45.0,0.2,0,1.0,1
15675,10,3,323.69,107.89666666666666,20,198,0,99.0,0.6666666666666666,0,6.1931111111111115,0
15676,212,1,897.8,897.8,61,0,1,0.0,0.0,1,0.0,0
15679,83,2,260.26,130.13,18,28,1,28.0,0.5,0,1.0,1
15680,295,1,478.89,478.89,30,0,1,0.0,0.0,1,0.0,0
15681,112,3,703.22,234.40666666666667,22,97,1,48.5,0.0,0,0.0,0
15683,46,1,193.75,193.75,10,0,0,0.0,1.0,1,1.0,1
15687,115,5,1679.45,335.89,69,143,1,35.25,0.0,0,0.0,0
15689,48,2,254.1,127.05,8,241,0,241.0,0.5,0,1.4550724637681158,0
15690,29,1,111.0,111.0,8,0,1,0.0,1.0,1,1.0,1
15691,181,1,136.8,136.8,2,0,0,0.0,0.0,1,1.0,1
15694,105,9,3305.78,367.3088888888889,23,196,1,24.25,0.0,0,0.0,0
15695,195,2,409.98,204.99,22,0,0,0.0,0.0,0,0.0,0
15696,8,7,2016.8500000000001,288.12142857142857,107,246,1,40.5,0.14285714285714285,0,0.2859115292626433,0
15700,101,2,696.68,348.34,85,1,0,1.0,0.0,0,1.0,1
15701,2,2,968.0699999999999,484.03499999999997,121,36,1,36.0,1.0,0,1.0,1
15703,193,1,211.5,211.5,5,0,0,0.0,0.0,1,0.0,0
15704,69,4,2293.62,573.405,79,75,0,24.666666666666668,0.5,0,1.0,1
15705,130,1,143.1,143.1,6,0,0,0.0,0.0,1,1.0,1
15706,4,2,878.76,439.38,48,40,1,40.0,1.0,0,1.0,1
15707,15,1,166.78,166.78,41,0,1,0.0,1.0,1,1.0,1
15708,67,6,2700.43,450.0716666666667,103,231,1,45.8,0.16666666666666666,0,0.3891347840807658,0
15709,212,1,133.25,133.25,6,0,0,0.0,0.0,1,0.0,0
15712,0,4,865.9100000000001,216.47750000000002,33,216,1,71.66666666666667,0.5,0,1.3584389593062045,0
15713,72,2,356.7,178.35000000000002,18,222,0,222.0,0.5,0,1.0841367221735319,0
15714,6,1,132.48000000000002,132.48000000000002,5,0,1,0.0,1.0,1,1.0,1
15716,74,4,1118.81,279.7025,101,223,0,74.0,0.25,0,0.32666525756386244,0
15717,163,1,150.3,150.3,7,0,0,0.0,0.0,1,1.0,1
15719,28,11,4068.67,369.8790909090909,260,238,1,23.4,0.2727272727272727,0,0.9445538057742783,0
15722,37,3,1424.8,474.93333333333334,32,181,1,90.0,0.3333333333333333,0,2.018669958339763,0
15723,293,1,203.1,203.1,37,0,0,0.0,0.0,1,0.0,0
15724,130,2,218.25,109.125,11,83,0,83.0,0.0,0,0.0,0
15727,36,6,4609.29,768.215,191,251,1,49.8,0.3333333333333333,0,0.6494645247657295,0
15729,141,1,85.0,85.0,5,0,0,0.0,0.0,1,1.0,1
15730,21,2,777.22,388.61,46,114,1,114.0,0.5,0,1.0,1
15732,141,2,294.12,147.06,13,159,0,159.0,0.0,0,0.0,0
15733,211,1,162.3,162.3,10,0,0,0.0,0.0,1,0.0,0
15734,43,2,1339.45,669.7250000000001,25,85,0,85.0,0.5,0,1.0,1
15737,8,6,1081.51,180.25166666666667,55,163,1,32.4,0.3333333333333333,0,1.0,1
15738,25,13,3853.4500000000003,296.4192307692308,45,275,1,22.416666666666668,0.23076923076923078,0,0.461021699774075,0
15743,42,2,434.05,217.025,31,71,1,71.0,0.5,0,1.0,1
15744,6,1,34.8,34.8,3,0,0,0.0,1.0,1,1.0,1
15745,2,2,607.75,303.875,36,162,1,162.0,0.5,0,1.0,1
15746,63,1,196.88,196.88,28,0,0,0.0,1.0,1,1.0,1
15747,49,2,549.47,274.735,26,52,1,52.0,0.5,0,1.0,1
15749,164,3,44534.3,14844.766666666668,5,97,0,48.5,0.0,0,0.0,0
15750,1,5,1617.9,323.58000000000004,185,294,1,73.25,0.2,0,0.8294072514161646,0
15752,22,6,2104.15,350.69166666666666,207,279,1,55.2,0.5,0,1.6510289990645461,0
15753,233,1,79.2,79.2,1,0,0,0.0,0.0,1,0.0,0
15754,2,2,303.42,151.71,19,172,1,172.0,0.5,0,1.0,1
15755,3,5,2076.7400000000002,415.34799999999996,119,220,1,54.75,0.6,0,4.626954366340409,0
15756,81,3,364.84,121.61333333333334,118,96,1,48.0,0.3333333333333333,0,1.0,1
15757,146,1,261.36,261.36,16,0,1,0.0,0.0,1,1.0,1
15759,147,3,253.04,84.34666666666668,5,139,0,69.5,0.0,0,0.0,0
15762,6,1,315.31,315.31,22,0,1,0.0,1.0,1,1.0,1
15763,6,1,522.49,522.49,33,0,1,0.0,1.0,1,1.0,1
15764,17,6,3279.97,546.6616666666667,150,188,0,37.6,0.5,0,1.4144058951049578,0
15768,44,3,621.8299999999999,207.27666666666664,23,110,0,55.0,0.3333333333333333,0,1.0,1
15769,16,20,43116.72,2155.8360000000002,19,283,1,14.473684210526315,0.3,0,0.532796007847644,0
15775,174,1,104.9,104.9,7,0,0,0.0,0.0,1,1.0,1
15776,62,1,241.62,241.62,18,0,0,0.0,1.0,1,1.0,1
15777,170,4,1047.11,261.7775,18,120,0,39.666666666666664,0.0,0,0.0,0
15780,112,3,475.28000000000003,158.42666666666668,26,174,0,86.5,0.0,0,0.0,0
15781,66,2,211.3,105.65,11,168,1,168.0,0.5,0,1.5350929814037193,0
15782,18,1,1638.3400000000001,1638.3400000000001,21,0,1,0.0,1.0,1,1.0,1
15785,86,4,1665.83,416.4575,41,137,1,45.666666666666664,0.5,0,0.36122897327101594,0
15786,43,1,3160.84,3160.84,165,0,1,0.0,1.0,1,1.0,1
15789,287,1,351.3,351.3,25,0,0,0.0,0.0,1,0.0,0
15791,133,1,1223.24,1223.24,54,0,1,0.0,0.0,1,1.0,1
15793,197,1,306.64,306.64,3,0,1,0.0,0.0,1,0.0,0
15795,78,1,610.01,610.01,42,0,0,0.0,1.0,1,1.0,1
15796,1,6,1887.71,314.61833333333334,63,230,1,45.6,0.3333333333333333,0,1.8544719702256347,0
15797,42,4,2207.4,551.85,8,206,0,68.33333333333333,0.25,0,0.24314660309892727,0
15799,4,3,884.14,294.7133333333333,94,258,0,129.0,0.3333333333333333,0,1.258197489226157,0
15800,36,2,699.08,349.53999999999996,116,139,0,139.0,0.5,0,1.0,1
15801,38,1,137.22,137.22,9,0,1,0.0,1.0,1,1.0,1
15802,71,1,451.42,451.42,1,0,0,0.0,1.0,1,1.0,1
15804,7,8,2950.3,368.7875,146,120,1,16.857142857142858,0.75,0,1.0,1
15805,35,11,3568.0,324.3636363636364,150,258,1,25.7,0.09090909090909091,0,0.6167798736696374,0
15806,86,2,521.88,260.94,19,119,1,119.0,0.5,0,0.7375149820215741,0
15807,6,1,635.6,635.6,40,0,1,0.0,1.0,1,1.0,1
15808,235,4,3734.9700000000003,933.7425000000001,142,63,0,20.666666666666668,0.0,0,0.0,0
15809,113,4,399.21,99.80250000000001,24,118,1,39.0,0.0,0,0.0,0
15810,7,4,1391.98,347.995,66,218,0,72.0,0.25,0,0.08160182338598536,0
15811,34,5,1773.8,354.76,89,259,1,64.25,0.2,0,0.533761269544092,0
15812,36,5,1801.14,360.228,36,210,0,52.25,0.4,0,3.0511437908496735,0
15813,136,2,1303.9099999999999,651.9549999999999,40,31,0,31.0,0.0,0,1.0,1
15815,69,4,1874.7,468.675,24,119,1,39.333333333333336,0.25,0,1.1255737704918032,0
15819,60,3,1585.47,528.49,83,145,1,72.5,0.3333333333333333,0,0.6383747107748109,0
15820,248,1,206.98,206.98,17,0,0,0.0,0.0,1,0.0,0
15822,288,1,440.2,440.2,16,0,1,0.0,0.0,1,0.0,0
15823,301,1,15.0,15.0,1,0,0,0.0,0.0,1,0.0,0
15825,101,1,532.94,532.94,20,0,0,0.0,0.0,1,1.0,1
15826,139,1,720.0,720.0,28,0,1,0.0,0.0,1,1.0,1
15827,2,14,1836.0900000000001,131.14928571428572,72,299,0,22.692307692307693,0.2857142857142857,0,0.9811243667265893,0
15829,28,2,636.14,318.07,44,41,0,41.0,1.0,0,1.0,1
15831,53,2,451.11,225.555,22,199,1,199.0,0.5,0,0.45547525327482724,0
15832,183,1,836.79,836.79,54,0,0,0.0,0.0,1,1.0,1
15834,94,3,1791.82,597.2733333333333,176,111,0,55.5,0.0,0,0.0,0
15835,66,3,675.51,225.17,32,193,1,96.0,0.3333333333333333,0,0.38336302758493584,0
15838,6,13,17340.62,1333.893846153846,51,289,1,23.75,0.23076923076923078,0,1.7226610286686883,0
15839,9,2,790.36,395.18,48,67,1,67.0,1.0,0,1.0,1
15840,101,1,241.74,241.74,17,0,1,0.0,0.0,1,1.0,1
15841,1,4,1224.06,306.015,36,266,0,88.0,0.5,0,1.8419782870928831,0
15843,232,1,118.95000000000002,118.95000000000002,8,0,0,0.0,0.0,1,0.0,0
15845,15,6,3070.0,511.6666666666667,81,250,1,49.4,0.3333333333333333,0,0.897840302455013,0
15847,217,1,180.68,180.68,9,0,1,0.0,0.0,1,0.0,0
15850,97,1,118.88,118.88,41,0,1,0.0,0.0,1,1.0,1
15852,115,2,160.71,80.355,22,10,0,10.0,0.0,0,1.0,1
15854,15,10,2839.94,283.994,70,275,1,30.0,0.2,0,0.7592031797104193,0
15855,65,5,712.24,142.448,59,126,0,31.5,0.2,0,2.47964509394572,0
15856,24,17,11441.94,673.0552941176471,254,270,1,16.4375,0.47058823529411764,0,0.8641854406095119,0
15858,6,3,970.12,323.37333333333333,105,289,1,144.0,0.3333333333333333,0,0.18855210604983952,0
15860,4,7,875.2,125.02857142857144,100,293,1,48.166666666666664,0.5714285714285714,0,4.431521527371907,0
15861,63,3,1130.0,376.6666666666667,174,132,1,66.0,0.3333333333333333,0,0.5640571365297309,0
15862,41,3,659.73,219.91,98,261,1,130.5,0.3333333333333333,0,0.47630070857917167,0
15863,121,1,9.2,9.2,2,0,1,0.0,0.0,1,1.0,1
15864,27,3,957.8600000000001,319.2866666666667,11,217,1,108.0,0.3333333333333333,0,2.242389241811732,0
15865,17,2,603.85,301.925,29,124,1,124.0,0.5,0,1.0,1
15866,30,1,230.53,230.53,43,0,0,0.0,1.0,1,1.0,1
15867,42,12,2949.91,245.82583333333332,253,256,1,22.90909090909091,0.16666666666666666,0,0.6939429531506445,0
15869,206,2,149.64,74.82,13,0,0,0.0,0.0,0,0.0,0
15874,106,6,2207.75,367.9583333333333,79,106,1,20.8,0.0,0,0.0,0
15880,298,1,343.28000000000003,343.28000000000003,95,0,0,0.0,0.0,1,0.0,0
15881,241,5,501.39000000000004,100.278,26,52,0,12.75,0.0,0,0.0,0
15882,127,4,516.36,129.09,23,169,0,56.333333333333336,0.0,0,0.0,0
15885,21,3,379.35,126.45,18,216,0,107.5,0.6666666666666666,0,10.0,0
15888,9,1,168.31,168.31,11,0,0,0.0,1.0,1,1.0,1
15889,85,2,446.87,223.435,79,212,0,212.0,0.5,0,0.49996643394199786,0
15891,155,1,524.52,524.52,60,0,0,0.0,0.0,1,1.0,1
15894,182,2,263.55,131.775,35,115,0,115.0,0.0,0,0.0,0
15895,78,1,179.17,179.17,11,0,0,0.0,1.0,1,1.0,1
15897,123,2,222.05,111.025,17,0,0,0.0,0.0,0,1.0,1
15898,155,4,1002.99,250.7475,67,141,1,46.666666666666664,0.0,0,0.0,0
15899,297,1,56.25,56.25,4,0,0,0.0,0.0,1,0.0,0
15901,6,2,233.35,116.675,59,77,1,77.0,1.0,0,1.0,1
15903,6,3,951.96,317.32,27,218,1,108.5,0.3333333333333333,0,1.9241071428571428,0
15906,73,4,797.71,199.42749999999998,56,110,1,36.333333333333336,0.25,0,0.27848685969902515,0
15907,105,2,529.52,264.76,93,33,1,33.0,0.0,0,1.0,1
15909,102,1,191.94,191.94,7,0,0,0.0,0.0,1,1.0,1
15910,28,5,663.36,132.672,143,217,1,54.0,0.2,0,0.36265680283049206,0
15912,107,2,264.62,132.31,19,54,0,54.0,0.0,0,1.0,1
15916,6,6,967.4300000000001,161.23833333333334,71,289,1,57.4,0.16666666666666666,0,0.20676103363127327,0
15917,176,1,123.1,123.1,12,0,0,0.0,0.0,1,1.0,1
15918,119,2,334.23,167.115,33,80,0,80.0,0.0,0,0.0,0
15919,297,1,270.72,270.72,38,0,1,0.0,0.0,1,0.0,0
15920,83,4,167.5,41.875,53,0,0,0.0,1.0,0,1.0,1
15921,101,1,336.03000000000003,336.03000000000003,24,0,0,0.0,0.0,1,1.0,1
15922,302,1,369.5,369.5,11,0,0,0.0,0.0,1,0.0,0
15923,301,1,127.08,127.08,21,0,0,0.0,0.0,1,0.0,0
15925,123,1,207.15,207.15,12,0,0,0.0,0.0,1,1.0,1
15932,17,7,2195.65,313.6642857142857,76,200,1,33.0,0.2857142857142857,0,0.9318337467849693,0
15933,0,2,728.27,364.135,44,15,1,15.0,1.0,0,1.0,1
15935,168,2,416.86,208.43,12,2,0,2.0,0.0,0,1.0,1
15938,41,5,404.58,80.91600000000001,13,211,0,52.25,0.2,0,0.5034883720930232,0
15939,18,15,6115.01,407.6673333333334,28,241,0,16.857142857142858,0.3333333333333333,0,0.43820340227634313,0
15940,240,1,35.8,35.8,1,0,0,0.0,0.0,1,0.0,0
15942,62,1,337.44,337.44,14,0,0,0.0,1.0,1,1.0,1
15944,205,1,325.1,325.1,6,0,0,0.0,0.0,1,0.0,0
15945,294,1,181.0,181.0,2,0,0,0.0,0.0,1,0.0,0
15947,11,1,1708.24,1708.24,29,0,0,0.0,1.0,1,1.0,1
15949,0,1,237.04000000000002,237.04000000000002,12,0,1,0.0,1.0,1,1.0,1
15950,7,3,1347.22,449.0733333333333,69,280,1,140.0,0.6666666666666666,0,2.1416911524649036,0
15951,214,1,375.16999999999996,375.16999999999996,22,0,1,0.0,0.0,1,0.0,0
15952,88,2,327.8,163.9,25,66,1,66.0,0.5,0,1.0,1
15953,140,4,826.14,206.535,29,157,1,52.0,0.0,0,0.0,0
15955,0,10,2965.9900000000002,296.59900000000005,100,301,1,33.22222222222222,0.7,0,2.6562248855655337,0
15958,3,1,104.35,104.35,7,0,0,0.0,1.0,1,1.0,1
15965,296,1,156.19,156.19,16,0,1,0.0,0.0,1,0.0,0
15967,247,1,173.8,173.8,32,0,1,0.0,0.0,1,0.0,0
15969,114,1,308.7,308.7,10,0,1,0.0,0.0,1,1.0,1
15970,232,1,314.1,314.1,11,0,0,0.0,0.0,1,0.0,0
15971,17,8,2326.75,290.84375,9,222,1,31.428571428571427,0.5,0,1.1665256229431122,0
15973,295,1,307.82000000000005,307.82000000000005,4,0,0,0.0,0.0,1,0.0,0
15974,24,6,2895.0099999999998,482.5016666666667,119,193,1,38.2,0.3333333333333333,0,0.9160152204014435,0
15975,13,1,371.01,371.01,24,0,0,0.0,1.0,1,1.0,1
15976,94,2,430.94,215.47,83,54,0,54.0,0.0,0,1.0,1
15978,6,1,1098.78,1098.78,49,0,0,0.0,1.0,1,1.0,1
15980,17,3,2398.86,799.6199999999999,40,165,0,82.5,0.6666666666666666,0,1.0,1
15981,6,7,2849.88,407.1257142857143,51,233,1,38.666666666666664,0.2857142857142857,0,2.9217777777777783,0
15983,289,3,1148.27,382.75666666666666,57,13,1,6.0,0.0,0,0.0,0
15984,0,8,2091.96,261.495,179,297,1,42.0,0.375,0,2.29847865377529,0
15985,52,2,1142.42,571.21,29,113,0,113.0,0.5,0,1.0,1
15987,49,6,1206.42,201.07000000000002,64,248,1,49.2,0.3333333333333333,0,6.083362707084951,0
15990,216,1,401.37,401.37,23,0,1,0.0,0.0,1,0.0,0
15996,17,6,1060.68,176.78,103,277,0,55.4,0.3333333333333333,0,0.4034672730324904,0
15998,16,4,2510.76,627.69,318,275,1,91.0,0.25,0,0.22370975524907138,0
16003,63,3,1793.9,597.9666666666667,56,224,1,112.0,0.3333333333333333,0,0.03319220999153259,0
16005,111,2,298.08,149.04000000000002,77,88,1,88.0,0.0,0,0.0,0
16006,140,1,101.4,101.4,8,0,0,0.0,0.0,1,1.0,1
16007,109,2,733.45,366.725,128,34,1,34.0,0.0,0,1.0,1
16008,4,2,330.71,165.35500000000002,17,129,1,129.0,0.5,0,1.0,1
16009,88,1,462.19,462.19,55,0,1,0.0,1.0,1,1.0,1
16010,174,3,407.5,135.83333333333334,62,116,0,57.5,0.0,0,0.0,0
16011,0,13,2467.29,189.79153846153847,90,294,1,24.083333333333332,0.38461538461538464,0,1.259068070755042,0
16012,57,2,1132.12,566.06,49,26,1,26.0,1.0,0,1.0,1
16013,27,35,23409.34,668.8382857142857,27,272,1,7.705882352941177,0.2857142857142857,0,0.8795513516217505,0
16014,81,2,529.9300000000001,264.96500000000003,115,138,1,138.0,0.5,0,1.0154794051648728,0
16016,8,5,926.49,185.298,109,287,1,71.5,0.2,0,0.2849295000915583,0
16018,109,1,161.9,161.9,15,0,1,0.0,0.0,1,1.0,1
16019,65,7,2952.25,421.75,85,228,1,37.5,0.14285714285714285,0,0.23688251855643716,0
16022,189,1,628.28,628.28,68,0,0,0.0,0.0,1,0.0,0
16023,121,2,500.69,250.34500000000003,59,74,1,74.0,0.0,0,0.0,0
16027,20,6,934.62,155.77,11,210,0,41.6,0.3333333333333333,0,0.7736665665966177,0
16029,9,54,55559.74,1028.884074074074,43,293,1,5.226415094339623,0.35185185185185186,0,0.6893778594423992,0
16030,238,1,331.24,331.24,28,0,0,0.0,0.0,1,0.0,0
16031,21,2,548.94,274.47,91,154,0,154.0,0.5,0,1.0,1
16033,11,17,6832.81,401.93,435,287,1,17.5625,0.29411764705882354,0,1.543288788651645,0
16034,125,3,437.7,145.9,18,136,0,68.0,0.0,0,0.0,0
16036,16,2,758.92,379.46000000000004,55,176,0,176.0,0.5,0,3.021194298733641,0
16037,198,3,855.02,285.00666666666666,37,88,0,44.0,0.0,0,0.0,0
16038,106,2,393.33,196.665,23,24,1,24.0,0.0,0,1.0,1
16040,77,2,876.1800000000001,438.09000000000003,42,120,1,120.0,0.5,0,1.0741424614729067,0
16041,70,2,2739.8,1369.9,5,0,1,0.0,1.0,0,1.0,1
16042,36,2,460.28,230.14,26,224,1,224.0,0.5,0,10.0,0
16043,140,3,676.49,225.49666666666667,22,106,1,53.0,0.0,0,0.0,0
16045,48,4,1340.7,335.175,71,170,0,56.333333333333336,0.5,0,0.7215742343291444,0
16048,302,2,256.44,128.22000000000003,8,0,0,0.0,0.0,0,0.0,0
16049,4,1,488.26,488.26,104,0,1,0.0,1.0,1,1.0,1
16050,102,1,137.9,137.9,10,0,0,0.0,0.0,1,1.0,1
16053,51,1,1124.19,1124.19,62,0,1,0.0,1.0,1,1.0,1
16054,74,1,783.9,783.9,70,0,0,0.0,1.0,1,1.0,1
16055,149,1,134.8,134.8,8,0,0,0.0,0.0,1,1.0,1
16057,25,6,1544.23,257.37166666666667,79,188,1,37.6,0.5,0,0.7086318313400977,0
16059,0,5,1354.56,270.912,120,296,1,73.5,0.2,0,1.5318518518518518,0
16062,62,3,778.14,259.38,37,231,1,115.0,0.3333333333333333,0,0.8077233801906607,0
16063,189,1,335.32,335.32,23,0,0,0.0,0.0,1,0.0,0
16065,294,1,372.09,372.09,71,0,0,0.0,0.0,1,0.0,0
16066,53,1,316.38,316.38,6,0,1,0.0,1.0,1,1.0,1
16072,217,1,584.3199999999999,584.3199999999999,23,0,0,0.0,0.0,1,0.0,0
16073,226,1,122.39999999999999,122.39999999999999,1,0,0,0.0,0.0,1,0.0,0
16076,8,6,1455.81,242.635,70,128,1,25.2,0.8333333333333334,0,1.0,1
16078,212,1,79.2,79.2,1,0,0,0.0,0.0,1,0.0,0
16080,10,2,217.16,108.58,10,192,0,192.0,0.5,0,0.6671272838937508,0
16081,16,4,2591.92,647.98,139,279,1,92.66666666666667,0.25,0,2.8154647703870594,0
16083,29,2,1317.62,658.81,31,259,0,259.0,0.5,0,2.8985147050121314,0
16084,228,1,436.18,436.18,38,0,0,0.0,0.0,1,0.0,0
16085,8,3,619.65,206.54999999999998,86,241,1,120.5,0.3333333333333333,0,1.6245381858285088,0
16086,27,4,899.7,224.925,21,268,1,89.0,0.25,0,1.1227868558089424,0
16091,83,2,315.06,157.53,16,43,0,43.0,0.5,0,1.0,1
16092,43,3,817.86,272.62,37,139,0,69.0,0.3333333333333333,0,1.0,1
16093,35,1,17.0,17.0,1,0,0,0.0,1.0,1,1.0,1
16094,148,1,252.1,252.1,16,0,1,0.0,0.0,1,1.0,1
16096,193,1,320.62,320.62,12,0,0,0.0,0.0,1,0.0,0
16097,169,1,185.04999999999998,185.04999999999998,10,0,0,0.0,0.0,1,1.0,1
16098,16,7,2005.63,286.5185714285714,34,286,0,47.0,0.42857142857142855,0,0.9190638198029093,0
16099,66,2,592.1,296.05,26,88,1,88.0,0.5,0,1.0,1
16102,27,2,1392.8400000000001,696.4200000000001,41,29,1,29.0,1.0,0,1.0,1
16103,8,5,1413.14,282.62800000000004,30,153,1,38.0,0.4,0,1.0,1
16105,177,1,336.96,336.96,13,0,0,0.0,0.0,1,1.0,1
16107,18,4,1810.72,452.68000000000006,16,93,1,30.666666666666668,0.75,0,1.0,1
16108,13,1,842.5,842.5,48,0,0,0.0,1.0,1,1.0,1
16109,147,2,611.88,305.93999999999994,18,89,0,89.0,0.0,0,0.0,0
16110,191,2,693.93,346.96500000000003,173,48,1,48.0,0.0,0,0.0,0
16112,72,4,195.73999999999998,48.935,15,195,0,64.33333333333333,0.5,0,0.43778463346555013,0
16113,112,1,161.38,161.38,30,0,0,0.0,0.0,1,1.0,1
16114,99,1,135.75000000000003,135.75000000000003,8,0,0,0.0,0.0,1,1.0,1
16115,1,6,1293.02,215.50333333333333,151,220,1,43.6,0.3333333333333333,0,1.8442842190952438,0
16116,140,1,612.78,612.78,34,0,0,0.0,0.0,1,1.0,1
16117,118,1,232.21,232.21,30,0,0,0.0,0.0,1,1.0,1
16119,1,1,309.48,309.48,11,0,1,0.0,1.0,1,1.0,1
16121,144,1,287.89,287.89,60,0,1,0.0,0.0,1,1.0,1
16122,2,4,684.4200000000001,171.10500000000002,26,293,0,97.0,0.5,0,1.7394332372718542,0
16124,246,1,249.0,249.0,11,0,0,0.0,0.0,1,0.0,0
16125,296,1,289.35,289.35,13,0,0,0.0,0.0,1,0.0,0
16126,30,3,3706.7000000000003,1235.5666666666666,41,194,1,97.0,0.3333333333333333,0,2.0897515005328993,0
16128,6,3,1412.06,470.68666666666667,71,205,1,102.0,0.6666666666666666,0,2.6365181560648985,0
16131,44,4,2278.5,569.625,46,124,1,41.0,0.5,0,1.0,1
16133,4,24,11766.07,490.25291666666664,162,242,1,10.043478260869565,0.5,0,7.884959819942624,0
16134,288,1,283.53000000000003,283.53000000000003,16,0,1,0.0,0.0,1,0.0,0
16135,191,1,517.55,517.55,21,0,0,0.0,0.0,1,0.0,0
16136,6,2,302.64,151.32,15,199,1,199.0,0.5,0,0.8998116760828626,0
16139,41,2,306.37,153.185,13,94,1,94.0,0.5,0,1.0,1
16140,300,1,124.14,124.14,7,0,1,0.0,0.0,1,0.0,0
16141,17,1,620.4,620.4,30,0,0,0.0,1.0,1,1.0,1
16142,178,1,535.34,535.34,37,0,0,0.0,0.0,1,1.0,1
16143,37,5,1949.3600000000001,389.872,70,261,1,64.75,0.2,0,0.3093457558642866,0
16144,175,1,175.2,175.2,1,0,0,0.0,0.0,1,1.0,1
16145,2,9,2941.93,326.88111111111107,113,286,1,35.5,0.4444444444444444,0,1.3220794344788138,0
16146,86,3,734.13,244.71,26,74,0,37.0,0.3333333333333333,0,1.0,1
16147,62,1,375.0,375.0,22,0,0,0.0,1.0,1,1.0,1
16148,225,1,76.32000000000001,76.32000000000001,1,0,0,0.0,0.0,1,0.0,0
16149,71,1,163.68,163.68,11,0,1,0.0,1.0,1,1.0,1
16150,17,4,1748.53,437.1325,80,283,1,94.0,0.5,0,0.812925099535501,0
16152,197,1,1829.04,1829.04,29,0,0,0.0,0.0,1,0.0,0
16153,44,4,1023.54,255.885,50,239,1,79.33333333333333,0.25,0,1.504302125482536,0
16156,14,6,2125.4500000000003,354.2416666666666,86,225,1,44.4,0.5,0,1.7375583330613842,0
16157,1,1,168.32,168.32,6,0,1,0.0,1.0,1,1.0,1
16159,210,1,348.2,348.2,14,0,0,0.0,0.0,1,0.0,0
16160,14,1,801.94,801.94,15,0,1,0.0,1.0,1,1.0,1
16161,7,14,3901.63,278.6878571428571,200,290,1,21.846153846153847,0.21428571428571427,0,0.9938371050351841,0
16162,181,1,37.4,37.4,2,0,0,0.0,0.0,1,1.0,1
16163,161,2,856.6,428.30000000000007,5,132,0,132.0,0.0,0,0.0,0
16168,3,19,2795.14,147.11263157894737,47,294,1,15.88888888888889,0.47368421052631576,0,2.47014293276866,0
16169,4,1,587.46,587.46,26,0,1,0.0,1.0,1,1.0,1
16170,41,5,1560.6599999999999,312.13199999999995,91,135,1,33.25,0.4,0,1.0,1
16172,24,5,1140.21,228.042,52,146,0,36.0,0.6,0,1.0,1
16173,7,3,744.25,248.08333333333334,42,20,1,9.5,1.0,0,1.0,1
16174,55,3,1009.5500000000001,336.51666666666665,19,25,0,12.0,1.0,0,1.0,1
16175,23,4,1037.59,259.3975,45,145,0,48.0,0.25,0,1.0,1
16178,67,1,197.9,197.9,8,0,0,0.0,1.0,1,1.0,1
16180,29,8,10254.18,1281.7725,90,152,0,21.428571428571427,0.375,0,1.0,1
16181,2,1,305.54,305.54,11,0,0,0.0,1.0,1,1.0,1
16182,1,4,6617.65,1654.4125,17,222,0,73.66666666666667,0.5,0,4.970484848484848,0
16184,34,5,985.8000000000001,197.16000000000003,22,105,1,26.0,0.6,0,1.0,1
16185,161,1,335.0,335.0,19,0,1,0.0,0.0,1,1.0,1
16186,32,9,2696.53,299.6144444444445,67,268,1,33.25,0.4444444444444444,0,4.385010400416016,0
16187,4,13,6282.1900000000005,483.24538461538464,154,208,1,16.916666666666668,0.38461538461538464,0,4.152345021452877,0
16188,70,3,755.03,251.67666666666665,51,101,1,50.5,0.3333333333333333,0,1.0,1
16189,14,1,144.48,144.48,6,0,1,0.0,1.0,1,1.0,1
16191,191,8,2615.68,326.96,25,97,1,13.571428571428571,0.0,0,0.0,0
16193,165,1,314.45,314.45,19,0,0,0.0,0.0,1,1.0,1
16198,4,1,400.68100000000004,400.68100000000004,15,0,0,0.0,1.0,1,1.0,1
16200,93,1,550.57,550.57,58,0,1,0.0,0.0,1,1.0,1
16201,38,1,303.8,303.8,19,0,1,0.0,1.0,1,1.0,1
16202,289,1,365.27,365.27,18,0,0,0.0,0.0,1,0.0,0
16203,76,3,378.3,126.09999999999998,19,224,1,111.5,0.3333333333333333,0,0.351493848857645,0
16205,108,1,112.35,112.35,27,0,1,0.0,0.0,1,1.0,1
16206,53,3,409.86,136.62,48,202,1,100.5,0.3333333333333333,0,0.7508369497830131,0
16208,218,1,497.59,497.59,40,0,1,0.0,0.0,1,0.0,0
16209,17,5,2262.62,452.524,37,157,0,39.0,0.4,0,1.0,1
16210,15,12,11607.02,967.2516666666667,48,287,1,25.636363636363637,0.25,0,0.11420714795864341,0
16211,17,1,547.02,547.02,23,0,0,0.0,1.0,1,1.0,1
16212,212,1,498.15000000000003,498.15000000000003,30,0,1,0.0,0.0,1,0.0,0
16213,7,1,159.0,159.0,6,0,0,0.0,1.0,1,1.0,1
16214,99,3,1062.75,354.25,36,98,0,49.0,0.0,0,0.0,0
16215,9,1,242.35,242.35,14,0,0,0.0,1.0,1,1.0,1
16216,196,1,914.9300000000001,914.9300000000001,37,0,0,0.0,0.0,1,0.0,0
16217,164,2,304.25,152.125,13,46,0,46.0,0.0,0,0.0,0
16218,43,6,2635.48,439.24666666666667,51,258,1,51.4,0.3333333333333333,0,1.9238701464035644,0
16221,204,2,315.37,157.685,29,91,1,91.0,0.0,0,0.0,0
16222,247,1,846.72,846.72,120,0,0,0.0,0.0,1,0.0,0
16224,70,3,865.88,288.6266666666667,63,108,1,54.0,0.3333333333333333,0,1.0,1
16225,78,4,953.64,238.41000000000003,108,128,1,42.0,0.25,0,0.8475072609874943,0
16226,132,3,255.12,85.04,6,32,0,15.5,0.0,0,1.0,1
16227,154,1,314.22,314.22,6,0,0,0.0,0.0,1,1.0,1
16229,16,2,1010.6,505.29999999999995,46,125,0,125.0,0.5,0,1.0,1
16230,118,2,542.03,271.015,32,30,0,30.0,0.0,0,1.0,1
16232,72,3,725.04,241.67999999999998,23,71,1,35.5,0.3333333333333333,0,1.0,1
16233,0,3,536.6800000000001,178.89333333333335,22,295,0,147.0,0.3333333333333333,0,0.6437366003062787,0
16235,10,4,675.29,168.8225,35,250,1,83.33333333333333,0.25,0,0.029030946989490804,0
16236,7,1,432.2,432.2,20,0,0,0.0,1.0,1,1.0,1
16239,118,1,347.9,347.9,15,0,1,0.0,0.0,1,1.0,1
16240,6,1,1824.79,1824.79,75,0,1,0.0,1.0,1,1.0,1
16241,25,10,1786.14,178.614,273,273,1,30.11111111111111,0.5,0,1.7769559162614434,0
16242,94,3,846.59,282.19666666666666,60,111,1,55.0,0.0,0,0.0,0
16244,140,2,1522.75,761.375,88,160,0,160.0,0.0,0,0.0,0
16245,50,2,769.7,384.85,49,135,1,135.0,0.5,0,0.6954491387285783,0
16247,99,1,114.56,114.56,16,0,0,0.0,0.0,1,1.0,1
16249,41,4,1440.77,360.1925,48,126,1,41.666666666666664,0.5,0,1.0,1
16250,190,2,389.44,194.72,22,112,0,112.0,0.0,0,0.0,0
16253,184,1,1700.4,1700.4,53,0,1,0.0,0.0,1,0.0,0
16255,24,7,2182.79,311.82714285714286,132,269,1,44.166666666666664,0.42857142857142855,0,1.2551583614155688,0
16256,195,1,752.4300000000001,752.4300000000001,13,0,0,0.0,0.0,1,0.0,0
16257,105,1,46.95,46.95,2,0,0,0.0,0.0,1,1.0,1
16258,56,4,3741.06,935.265,72,92,1,30.333333333333332,0.5,0,1.0,1
16261,4,3,562.43,187.4766666666667,83,170,1,84.5,0.6666666666666666,0,1.0,1
16265,39,7,4062.02,580.2885714285715,132,254,1,42.166666666666664,0.2857142857142857,0,0.41280772414560674,0
16266,2,7,861.89,123.12714285714286,44,132,0,21.666666666666668,0.42857142857142855,0,1.0,1
16268,0,2,667.65,333.825,45,0,0,0.0,1.0,0,1.0,1
16270,282,1,1141.24,1141.24,54,0,0,0.0,0.0,1,0.0,0
16271,55,3,893.03,297.6766666666667,51,232,1,115.5,0.6666666666666666,0,5.703422909473051,0
16272,45,1,411.7,411.7,25,0,0,0.0,1.0,1,1.0,1
16274,302,1,357.95,357.95,64,0,0,0.0,0.0,1,0.0,0
16275,125,1,559.87,559.87,33,0,0,0.0,0.0,1,1.0,1
16276,105,1,810.6000000000001,810.6000000000001,6,0,0,0.0,0.0,1,1.0,1
16278,29,1,566.38,566.38,23,0,0,0.0,1.0,1,1.0,1
16279,16,2,730.98,365.49,62,89,1,89.0,0.5,0,1.0,1
16281,1,1,2062.06,2062.06,17,0,0,0.0,1.0,1,1.0,1
16282,268,1,168.3,168.3,11,0,0,0.0,0.0,1,0.0,0
16283,49,3,586.35,195.45000000000002,59,87,1,43.0,0.6666666666666666,0,1.0,1
16287,98,1,142.5,142.5,8,0,0,0.0,0.0,1,1.0,1
16292,50,1,302.25,302.25,17,0,0,0.0,1.0,1,1.0,1
16293,20,6,1454.3300000000002,242.38833333333332,74,275,1,54.8,0.3333333333333333,0,0.4661573149890134,0
16297,197,1,301.9,301.9,20,0,0,0.0,0.0,1,0.0,0
16298,115,1,114.3,114.3,7,0,1,0.0,0.0,1,1.0,1
16302,55,1,233.22,233.22,11,0,0,0.0,1.0,1,1.0,1
16303,44,2,4036.33,2018.165,112,217,1,217.0,0.5,0,3.8796271670011366,0
16305,67,1,361.21999999999997,361.21999999999997,22,0,0,0.0,1.0,1,1.0,1
16306,142,6,632.27,105.37833333333333,36,153,0,30.4,0.0,0,0.0,0
16308,36,3,1600.0,533.3333333333334,1,153,1,76.0,0.3333333333333333,0,2.0,0
16309,35,2,706.57,353.28499999999997,39,134,0,134.0,0.5,0,1.0,1
16315,259,1,226.37,226.37,14,0,0,0.0,0.0,1,0.0,0
16316,86,7,2212.81,316.11571428571426,103,201,1,33.166666666666664,0.2857142857142857,0,0.33395127810125597,0
16317,48,3,1341.65,447.2166666666667,64,177,0,88.5,0.6666666666666666,0,1.350637746163011,0
16319,146,1,404.40000000000003,404.40000000000003,3,0,0,0.0,0.0,1,1.0,1
16320,101,2,1038.46,519.23,56,40,0,40.0,0.0,0,1.0,1
16321,1,5,373.65000000000003,74.72999999999999,7,251,0,62.5,0.4,0,0.670690811535882,0
16323,125,1,207.50000000000003,207.50000000000003,1,0,0,0.0,0.0,1,1.0,1
16324,57,3,428.68,142.89333333333335,100,48,0,24.0,0.6666666666666666,0,1.0,1
16325,84,2,416.02000000000004,208.01000000000002,11,90,1,90.0,0.5,0,1.0,1
16326,4,9,1738.96,193.21777777777777,116,258,1,32.0,0.4444444444444444,0,1.9229308768722315,0
16327,9,5,3172.39,634.4780000000001,132,289,1,71.5,0.2,0,0.40374704838070286,0
16330,41,2,48.96,24.48,17,0,1,0.0,1.0,0,1.0,1
16332,1,4,1128.29,282.0725,78,233,1,77.0,0.75,0,8.225592804578904,0
16333,27,18,15619.6,867.7555555555556,8,210,1,12.058823529411764,0.1111111111111111,0,0.57178208879737,0
16338,86,1,214.79999999999998,214.79999999999998,11,0,0,0.0,1.0,1,1.0,1
16339,213,1,109.95,109.95,17,0,0,0.0,0.0,1,0.0,0
16340,36,1,549.07,549.07,124,0,0,0.0,1.0,1,1.0,1
16341,14,2,1531.89,765.9449999999999,53,115,1,115.0,0.5,0,1.0,1
16342,4,4,322.41,80.60249999999999,10,104,0,34.333333333333336,0.75,0,1.0,1
16344,87,1,101.10000000000001,101.10000000000001,1,0,0,0.0,1.0,1,1.0,1
16348,7,5,1050.54,210.108,142,161,1,40.0,0.4,0,1.0,1
16349,219,1,53.5,53.5,9,0,0,0.0,0.0,1,0.0,0
16350,14,2,566.4,283.2,28,248,1,248.0,0.5,0,0.5035837536501195,0
16351,261,1,153.9,153.9,8,0,0,0.0,0.0,1,0.0,0
16353,16,15,3705.4100000000003,247.02733333333336,46,281,1,19.714285714285715,0.26666666666666666,0,1.0538506512930685,0
16354,2,1,366.1,366.1,38,0,1,0.0,1.0,1,1.0,1
16356,126,3,211.77,70.58999999999999,20,79,0,39.0,0.0,0,0.0,0
16357,91,2,257.95,128.97500000000002,9,51,1,51.0,0.5,0,1.0,1
16358,8,2,1134.55,567.2750000000001,35,104,1,104.0,0.5,0,1.0,1
16359,23,7,1411.23,201.6042857142857,38,237,1,39.166666666666664,0.14285714285714285,0,0.38037065315471646,0
16360,9,2,474.93,237.465,78,7,1,7.0,1.0,0,1.0,1
16361,0,1,334.94,334.94,43,0,1,0.0,1.0,1,1.0,1
16362,20,3,380.05,126.68333333333334,34,0,1,0.0,1.0,0,1.0,1
16364,66,1,347.55,347.55,28,0,1,0.0,1.0,1,1.0,1
16365,52,7,862.56,123.22285714285714,34,243,1,40.166666666666664,0.5714285714285714,0,1.012864354339684,0
16367,291,1,170.91,170.91,33,0,1,0.0,0.0,1,0.0,0
16369,9,2,851.69,425.845,56,116,1,116.0,0.5,0,1.0,1
16370,11,4,1320.56,330.14,143,142,0,47.333333333333336,0.5,0,1.0,1
16374,191,1,156.3,156.3,26,0,1,0.0,0.0,1,0.0,0
16377,196,1,676.2,676.2,5,0,0,0.0,0.0,1,0.0,0
16378,176,3,362.95,120.98333333333333,22,63,0,31.0,0.0,0,0.0,0
16379,7,1,478.88,478.88,27,0,1,0.0,1.0,1,1.0,1
16383,3,2,668.36,334.18,80,193,0,193.0,0.5,0,1.1597621663542947,0
16384,18,2,584.5,292.25,33,174,0,174.0,0.5,0,0.4287460278660475,0
16385,87,2,274.85,137.425,36,208,1,208.0,0.5,0,0.8542130472913714,0
16386,182,1,61.10000000000001,61.10000000000001,4,0,1,0.0,0.0,1,1.0,1
16387,251,1,94.36,94.36,4,0,0,0.0,0.0,1,0.0,0
16389,7,3,1078.71,359.57,23,205,1,102.0,0.3333333333333333,0,3.4144588382783114,0
16392,198,1,221.19,221.19,41,0,0,0.0,0.0,1,0.0,0
16393,23,9,1765.27,196.14111111111112,96,274,1,33.875,0.3333333333333333,0,1.5673061708860758,0
16394,1,4,1241.86,310.465,54,217,1,72.0,0.25,0,0.9883166351909349,0
16395,7,4,1272.21,318.0525,118,251,1,83.33333333333333,0.25,0,0.6768465909090908,0
16398,83,2,1705.8,852.9000000000001,75,99,0,99.0,0.5,0,1.0,1
16399,164,1,178.41,178.41,31,0,1,0.0,0.0,1,1.0,1
16400,23,1,303.93,303.93,28,0,0,0.0,1.0,1,1.0,1
16401,15,8,2773.66,346.7075,55,241,1,34.0,0.375,0,1.6698257735055577,0
16402,193,2,299.6,149.8,55,104,0,104.0,0.0,0,0.0,0
16403,241,1,177.5,177.5,10,0,0,0.0,0.0,1,0.0,0
16405,231,2,167.25,83.625,3,7,0,7.0,0.0,0,0.0,0
16407,3,9,1794.76,199.4177777777778,97,237,1,29.375,0.4444444444444444,0,1.8507236184624491,0
16409,16,4,1420.03,355.0075,112,229,1,76.0,0.5,0,2.270106053910738,0
16411,298,1,131.5,131.5,19,0,1,0.0,0.0,1,0.0,0
16414,209,1,50.8,50.8,3,0,1,0.0,0.0,1,0.0,0
16418,21,2,368.36,184.18,44,133,1,133.0,0.5,0,1.0,1
16419,41,6,972.23,162.03833333333333,36,199,0,39.4,0.3333333333333333,0,0.4285686650029984,0
16422,2,43,30665.52,713.1516279069767,68,295,1,6.5476190476190474,0.27906976744186046,0,0.8159549875523806,0
16424,120,1,133.56,133.56,5,0,0,0.0,0.0,1,1.0,1
16425,231,1,302.7,302.7,21,0,0,0.0,0.0,1,0.0,0
16426,21,4,689.83,172.4575,64,183,1,61.0,0.75,0,1.100770472333039,0
16427,192,2,241.06,120.53,8,21,0,21.0,0.0,0,0.0,0
16429,35,1,284.55,284.55,2,0,0,0.0,1.0,1,1.0,1
16431,142,3,642.81,214.26999999999998,51,84,0,42.0,0.0,0,0.0,0
16434,25,4,906.34,226.58499999999998,49,203,1,67.0,0.25,0,0.3482550913089205,0
16438,11,1,204.4,204.4,37,0,1,0.0,1.0,1,1.0,1
16440,143,1,272.46,272.46,35,0,1,0.0,0.0,1,1.0,1
16441,220,1,211.0,211.0,12,0,1,0.0,0.0,1,0.0,0
16442,156,2,437.03,218.515,99,133,1,133.0,0.0,0,0.0,0
16444,24,3,541.4,180.46666666666667,58,169,1,84.0,0.3333333333333333,0,2.5303997312730933,0
16446,134,1,2.9,2.9,2,0,1,0.0,0.0,1,1.0,1
16447,64,1,259.01,259.01,34,0,0,0.0,1.0,1,1.0,1
16448,127,1,188.89000000000001,188.89000000000001,19,0,0,0.0,0.0,1,1.0,1
16449,126,2,707.69,353.845,40,82,0,82.0,0.0,0,0.0,0
16450,78,1,311.92,311.92,11,0,0,0.0,1.0,1,1.0,1
16451,16,1,266.97,266.97,14,0,0,0.0,1.0,1,1.0,1
16455,23,6,1323.3799999999999,220.56333333333336,48,276,1,55.0,0.16666666666666666,0,0.20049065222908383,0
16456,28,5,2158.37,431.674,80,273,0,68.0,0.4,0,0.4704208040883656,0
16457,147,1,208.36,208.36,9,0,0,0.0,0.0,1,1.0,1
16458,1,13,2485.06,191.15846153846152,46,288,1,23.5,0.38461538461538464,0,1.3203144393876705,0
16460,1,2,512.1,256.05,112,9,1,9.0,1.0,0,1.0,1
16461,106,1,151.42,151.42,31,0,0,0.0,0.0,1,1.0,1
16462,2,3,136.0,45.333333333333336,1,210,0,104.5,0.3333333333333333,0,2.0,0
16463,133,1,319.37,319.37,19,0,1,0.0,0.0,1,1.0,1
16464,9,2,998.25,499.125,141,61,1,61.0,1.0,0,1.0,1
16466,32,5,1002.1800000000001,200.436,68,189,1,47.0,0.4,0,4.292468881525925,0
16468,3,1,74.9,74.9,2,0,0,0.0,1.0,1,1.0,1
16469,16,3,462.72,154.24,93,159,1,79.5,0.3333333333333333,0,1.0,1
16470,44,3,539.13,179.71,83,242,1,121.0,0.3333333333333333,0,0.8942867708237034,0
16471,203,1,223.95000000000002,223.95000000000002,13,0,0,0.0,0.0,1,0.0,0
16473,93,3,316.11,105.37,18,171,0,85.5,0.0,0,0.0,0
16474,18,3,478.66,159.5533333333333,95,56,1,28.0,1.0,0,1.0,1
16475,17,4,544.3,136.075,23,185,0,61.333333333333336,0.75,0,0.7558064516129033,0
16477,60,6,1999.26,333.21,96,239,1,47.6,0.16666666666666666,0,0.3798216304911538,0
16480,4,1,769.29,769.29,51,0,0,0.0,1.0,1,1.0,1
16483,121,1,139.35,139.35,19,0,0,0.0,0.0,1,1.0,1
16484,102,2,404.3,202.15,25,17,0,17.0,0.0,0,1.0,1
16485,6,1,363.65,363.65,41,0,0,0.0,1.0,1,1.0,1
16488,43,2,354.57,177.285,22,33,1,33.0,1.0,0,1.0,1
16493,8,4,1351.63,337.9075,40,250,0,82.66666666666667,0.25,0,1.5479608482871123,0
16494,225,1,826.53,826.53,47,0,0,0.0,0.0,1,0.0,0
16495,205,2,246.51,123.255,32,0,1,0.0,0.0,0,0.0,0
16496,136,2,1185.04,592.52,71,109,1,109.0,0.0,0,0.0,0
16497,132,5,1550.7,310.14,82,130,1,32.25,0.0,0,0.0,0
16498,90,2,100.97,50.485,15,0,0,0.0,1.0,0,1.0,1
16499,289,2,365.45,182.72500000000002,18,4,0,4.0,0.0,0,0.0,0
16500,259,1,165.0,165.0,1,0,1,0.0,0.0,1,0.0,0
16503,35,4,1431.93,357.98249999999996,71,253,0,84.0,0.25,0,0.40216681119994296,0
16509,225,1,363.7,363.7,13,0,0,0.0,0.0,1,0.0,0
16510,301,1,248.1,248.1,13,0,0,0.0,0.0,1,0.0,0
16511,73,2,582.7,291.35,83,121,1,121.0,0.5,0,0.7100513573000733,0
16515,20,4,1250.3500000000001,312.5875,79,219,1,72.66666666666667,0.5,0,1.9594396430688594,0
16517,206,1,162.7,162.7,17,0,0,0.0,0.0,1,0.0,0
16518,213,1,190.7,190.7,11,0,1,0.0,0.0,1,0.0,0
16519,294,1,103.7,103.7,5,0,1,0.0,0.0,1,0.0,0
16520,115,3,1046.57,348.85666666666674,129,179,0,89.0,0.0,0,0.0,0
16523,8,15,6781.41,452.094,132,236,1,16.428571428571427,0.4,0,2.6177150854449027,0
16525,8,23,11501.15,500.05,72,286,1,12.545454545454545,0.2608695652173913,0,0.619764110431459,0
16526,100,1,290.36,290.36,15,0,0,0.0,0.0,1,1.0,1
16527,10,1,228.06,228.06,14,0,0,0.0,1.0,1,1.0,1
16529,119,1,455.25,455.25,30,0,0,0.0,0.0,1,1.0,1
16531,3,5,889.43,177.886,52,286,1,71.0,0.4,0,0.8345193160489244,0
16532,64,2,4516.8,2258.4,2,202,1,202.0,0.5,0,1.364321608040201,0
16536,39,1,548.97,548.97,49,0,0,0.0,1.0,1,1.0,1
16539,148,3,1053.61,351.2033333333333,34,153,1,76.5,0.0,0,0.0,0
16545,93,1,339.3,339.3,3,0,0,0.0,0.0,1,1.0,1
16546,219,2,787.15,393.57500000000005,25,81,0,81.0,0.0,0,0.0,0
16549,18,3,1234.01,411.33666666666664,185,244,1,122.0,0.6666666666666666,0,9.327307724495773,0
16550,37,5,2298.97,459.79400000000004,162,259,0,64.5,0.2,0,0.9496267983990193,0
16551,24,3,922.12,307.37333333333333,26,240,0,120.0,0.6666666666666666,0,1.9643488603851222,0
16552,171,2,379.73,189.86500000000004,17,130,0,130.0,0.0,0,0.0,0
16553,92,12,5719.82,476.65166666666664,62,197,0,17.545454545454547,0.0,0,0.0,0
16554,151,2,314.11,157.055,21,109,1,109.0,0.0,0,0.0,0
16555,38,1,151.98,151.98,9,0,1,0.0,1.0,1,1.0,1
16556,34,6,2556.37,426.06166666666667,111,254,1,50.4,0.3333333333333333,0,0.9648366439184429,0
16557,66,1,101.15,101.15,6,0,1,0.0,1.0,1,1.0,1
16558,7,15,5101.31,340.0873333333333,183,287,1,20.142857142857142,0.26666666666666666,0,0.633322193929182,0
16560,287,1,332.18,332.18,20,0,1,0.0,0.0,1,0.0,0
16565,293,1,173.7,173.7,3,0,0,0.0,0.0,1,0.0,0
16566,99,3,463.88,154.62666666666667,9,122,1,60.5,0.0,0,0.0,0
16567,123,2,865.6,432.8,34,142,0,142.0,0.0,0,0.0,0
16570,56,6,2134.07,355.6783333333333,52,184,1,36.6,0.3333333333333333,0,0.3458756387285155,0
16571,105,2,896.79,448.395,54,105,1,105.0,0.0,0,0.0,0
16572,56,3,1009.6,336.5333333333333,40,148,0,74.0,0.6666666666666666,0,1.9470488644988035,0
16573,13,2,663.61,331.805,40,205,0,205.0,0.5,0,1.2677442504186172,0
16574,0,1,451.44,451.44,28,0,0,0.0,1.0,1,1.0,1
16581,111,1,105.84,105.84,9,0,0,0.0,0.0,1,1.0,1
16582,42,1,313.62,313.62,6,0,0,0.0,1.0,1,1.0,1
16583,302,1,233.45,233.45,14,0,0,0.0,0.0,1,0.0,0
16584,9,2,936.08,468.04,25,174,0,174.0,0.5,0,1.0,1
16586,177,1,463.95,463.95,8,0,0,0.0,0.0,1,1.0,1
16587,161,1,225.15,225.15,13,0,0,0.0,0.0,1,1.0,1
16589,0,3,459.24,153.08,31,90,0,44.5,1.0,0,1.0,1
16592,65,10,2214.33,221.433,102,151,1,16.555555555555557,0.2,0,1.5229089790897912,0
16593,118,2,255.5,127.75,20,138,1,138.0,0.0,0,0.0,0
16594,4,1,181.09,181.09,53,0,0,0.0,1.0,1,1.0,1
16596,295,1,120.65,120.65,6,0,1,0.0,0.0,1,0.0,0
16598,214,1,145.04999999999998,145.04999999999998,10,0,0,0.0,0.0,1,0.0,0
16600,3,3,353.2,117.73333333333333,28,264,1,131.5,0.3333333333333333,0,0.9195931987923089,0
16603,3,2,482.47,241.235,34,16,0,16.0,1.0,0,1.0,1
16607,2,11,2581.94,234.72181818181818,112,285,1,28.1,0.36363636363636365,0,0.6951349874215352,0
16609,16,6,4029.82,671.6366666666667,142,164,1,32.6,0.5,0,1.0,1
16610,148,1,75.66,75.66,6,0,0,0.0,0.0,1,1.0,1
16611,115,1,129.49,129.49,9,0,0,0.0,0.0,1,1.0,1
16612,48,3,870.3000000000001,290.1,42,192,1,96.0,0.3333333333333333,0,0.5763256561328335,0
16614,111,1,506.19,506.19,26,0,0,0.0,0.0,1,1.0,1
16616,86,1,210.10000000000002,210.10000000000002,11,0,1,0.0,1.0,1,1.0,1
16617,164,1,151.85,151.85,5,0,0,0.0,0.0,1,1.0,1
16618,139,4,1441.29,360.3225,44,111,1,37.0,0.0,0,0.0,0
16619,192,1,226.21,226.21,14,0,0,0.0,0.0,1,0.0,0
16620,189,1,95.75999999999999,95.75999999999999,5,0,1,0.0,0.0,1,0.0,0
16621,76,3,609.41,203.13666666666668,17,130,1,64.5,0.3333333333333333,0,0.7289530242554498,0
16623,174,1,129.45,129.45,5,0,0,0.0,0.0,1,1.0,1
16624,9,2,810.5699999999999,405.28499999999997,44,116,0,116.0,0.5,0,1.0,1
16625,203,1,333.08,333.08,23,0,0,0.0,0.0,1,0.0,0
16626,2,9,2662.74,295.85999999999996,79,192,1,23.625,0.5555555555555556,0,1.2011938422871506,0
16627,8,1,322.8,322.8,20,0,0,0.0,1.0,1,1.0,1
16628,35,4,1619.8400000000001,404.96,64,128,1,42.333333333333336,0.5,0,1.0,1
16629,2,2,417.73,208.865,58,22,0,22.0,1.0,0,1.0,1
16633,7,4,1509.0,377.25,64,156,1,51.666666666666664,0.5,0,1.0,1
16634,151,2,217.9,108.95,9,149,0,149.0,0.0,0,0.0,0
16637,52,2,530.55,265.275,29,102,1,102.0,0.5,0,1.0,1
16638,28,9,1550.94,172.32666666666668,85,269,1,33.125,0.3333333333333333,0,0.28024499768870104,0
16639,135,2,471.15000000000003,235.57500000000005,19,29,1,29.0,0.0,0,1.0,1
16641,34,1,231.10000000000002,231.10000000000002,12,0,0,0.0,1.0,1,1.0,1
16642,136,1,307.73,307.73,15,0,1,0.0,0.0,1,1.0,1
16643,174,1,487.51,487.51,27,0,0,0.0,0.0,1,1.0,1
16644,106,2,833.78,416.89,62,34,0,34.0,0.0,0,1.0,1
16647,98,2,214.06,107.03,12,35,0,35.0,0.0,0,1.0,1
16650,0,1,518.42,518.42,24,0,0,0.0,1.0,1,1.0,1
16652,38,5,4525.87,905.174,53,163,1,40.5,0.4,0,0.9263865101752973,0
16653,0,1,1117.86,1117.86,67,0,1,0.0,1.0,1,1.0,1
16654,70,4,601.27,150.3175,29,227,0,75.33333333333333,0.25,0,0.2815303430079155,0
16655,4,4,2911.2,727.8,194,256,1,84.66666666666667,0.5,0,2.0689442905509385,0
16656,8,12,7470.26,622.5216666666666,13,284,1,25.363636363636363,0.5,0,2.228945449573896,0
16657,77,2,446.11,223.055,111,105,1,105.0,0.5,0,1.0,1
16658,297,1,123.24,123.24,8,0,0,0.0,0.0,1,0.0,0
16659,118,1,39.12,39.12,2,0,0,0.0,0.0,1,1.0,1
16660,139,2,384.36,192.17999999999998,5,108,1,108.0,0.0,0,0.0,0
16665,291,1,135.39999999999998,135.39999999999998,9,0,0,0.0,0.0,1,0.0,0
16667,213,1,203.35,203.35,20,0,1,0.0,0.0,1,0.0,0
16668,45,5,266.52,53.303999999999995,9,167,1,41.5,0.4,0,1.3747044917257685,0
16669,7,2,729.49,364.745,75,0,1,0.0,1.0,0,1.0,1
16670,35,8,3239.9700000000003,404.99625000000003,150,252,1,35.57142857142857,0.125,0,0.4959034035470355,0
16671,93,1,1382.88,1382.88,3,0,1,0.0,0.0,1,1.0,1
16672,1,18,7327.34,407.07444444444445,22,194,1,10.941176470588236,0.2777777777777778,0,1.9786633090587356,0
16674,27,1,122.2,122.2,33,0,1,0.0,1.0,1,1.0,1
16676,142,3,1098.5,366.1666666666667,58,124,1,61.5,0.0,0,0.0,0
16678,27,8,2137.3,267.1625,76,184,1,25.857142857142858,0.375,0,2.788935870331219,0
16679,295,1,129.75,129.75,3,0,0,0.0,0.0,1,0.0,0
16681,1,6,1770.34,295.0566666666667,18,180,0,35.6,0.5,0,1.0,1
16682,21,3,810.22,270.0733333333333,15,95,1,47.0,0.6666666666666666,0,1.0,1
16684,62,18,33883.5,1882.4166666666667,88,224,1,13.0,0.2777777777777778,0,0.6019768902594891,0
16686,27,6,2479.71,413.285,327,257,1,51.0,0.3333333333333333,0,1.7713637973786749,0
16689,4,2,422.59999999999997,211.3,12,6,0,6.0,1.0,0,1.0,1
16690,1,2,225.57999999999998,112.78999999999999,10,129,0,129.0,0.5,0,1.0,1
16692,185,2,1276.0,638.0,2,32,0,32.0,0.0,0,0.0,0
16693,200,1,157.56,157.56,21,0,1,0.0,0.0,1,0.0,0
16696,64,4,657.9000000000001,164.47500000000002,7,112,0,37.0,0.25,0,1.0,1
16697,170,1,112.75,112.75,20,0,0,0.0,0.0,1,1.0,1
16698,155,2,1998.0,999.0,4,26,0,26.0,0.0,0,1.0,1
16700,9,11,4423.62,402.1472727272727,144,285,1,28.1,0.2727272727272727,0,0.6136296548592189,0
16701,58,10,4050.42,405.04200000000003,80,232,1,25.444444444444443,0.3,0,0.9382646327224731,0
16705,3,12,10160.77,846.7308333333334,105,284,1,25.545454545454547,0.3333333333333333,0,0.9810678767023029,0
16706,27,2,411.55,205.77499999999998,98,15,1,15.0,1.0,0,1.0,1
16709,13,5,3029.87,605.9739999999999,64,197,0,48.75,0.2,0,0.9328442790465225,0
16710,3,8,2093.59,261.69875,235,294,1,41.714285714285715,0.25,0,0.5125452460711796,0
16711,69,3,909.87,303.29,9,217,1,108.0,0.3333333333333333,0,0.5194889779559119,0
16712,24,8,2499.86,312.4825,170,181,1,25.428571428571427,0.375,0,1.2492864861869264,0
16713,2,12,4599.97,383.3308333333334,293,293,1,26.09090909090909,0.25,0,0.8044860658404893,0
16714,147,3,1161.53,387.1766666666667,77,98,0,49.0,0.0,0,0.0,0
16715,7,1,301.71999999999997,301.71999999999997,19,0,0,0.0,1.0,1,1.0,1
16716,195,2,901.2,450.6,1,44,0,44.0,0.0,0,0.0,0
16717,24,4,1559.66,389.915,78,270,1,89.66666666666667,0.5,0,3.1048657445077295,0
16718,298,1,623.75,623.75,41,0,0,0.0,0.0,1,0.0,0
16719,3,6,1497.75,249.625,91,293,1,58.0,0.3333333333333333,0,0.6903828520551222,0
16721,191,1,292.47,292.47,37,0,0,0.0,0.0,1,0.0,0
16722,28,10,3656.58,365.658,89,268,1,29.444444444444443,0.4,0,1.2596689050885197,0
16723,20,2,589.15,294.575,37,16,0,16.0,1.0,0,1.0,1
16725,231,7,781.02,111.57428571428571,110,69,0,11.166666666666666,0.0,0,0.0,0
16726,125,4,795.19,198.7975,71,164,1,54.333333333333336,0.0,0,0.0,0
16727,293,1,272.82,272.82,41,0,0,0.0,0.0,1,0.0,0
16728,95,3,550.0,183.33333333333334,113,97,1,48.5,0.0,0,0.0,0
16729,14,18,5717.88,317.66,151,155,1,8.705882352941176,0.3333333333333333,0,1.0,1
16730,163,2,480.94,240.47,35,84,1,84.0,0.0,0,0.0,0
16734,43,2,306.15999999999997,153.07999999999998,27,0,1,0.0,1.0,0,1.0,1
16735,7,5,2300.56,460.11199999999997,88,255,0,63.5,0.6,0,1.8211884426676357,0
16738,226,1,3.75,3.75,1,0,0,0.0,0.0,1,0.0,0
16739,105,1,323.0,323.0,13,0,0,0.0,0.0,1,1.0,1
16743,42,6,1885.8600000000001,314.31,82,245,1,48.6,0.5,0,1.041779384623164,0
16744,4,4,628.53,157.1325,102,97,1,31.666666666666668,0.75,0,1.0,1
16745,15,17,7194.3,423.1941176470588,148,225,0,13.625,0.35294117647058826,0,1.2327595988513673,0
16746,4,14,5321.85,380.13214285714287,202,283,1,21.23076923076923,0.42857142857142855,0,1.5565202925349835,0
16748,146,3,910.2,303.40000000000003,27,116,1,58.0,0.0,0,0.0,0
16750,2,4,509.19,127.2975,53,158,1,52.333333333333336,0.75,0,1.0,1
16752,301,1,207.5,207.5,9,0,0,0.0,0.0,1,0.0,0
16754,301,1,2002.4,2002.4,2,0,0,0.0,0.0,1,0.0,0
16755,43,3,1496.83,498.9433333333333,133,201,0,100.0,0.3333333333333333,0,1.8615452762133768,0
16756,143,1,239.4,239.4,13,0,0,0.0,0.0,1,1.0,1
16757,247,1,106.83000000000001,106.83000000000001,7,0,0,0.0,0.0,1,0.0,0
16761,25,1,316.62,316.62,13,0,0,0.0,1.0,1,1.0,1
16762,73,1,314.15000000000003,314.15000000000003,13,0,1,0.0,1.0,1,1.0,1
16763,127,1,611.85,611.85,23,0,0,0.0,0.0,1,1.0,1
16764,1,6,1085.72,180.95333333333335,128,70,1,13.8,1.0,0,1.0,1
16765,223,1,34.0,34.0,1,0,0,0.0,0.0,1,0.0,0
16766,202,2,1145.6,572.8,17,0,0,0.0,0.0,0,0.0,0
16767,22,7,4825.5,689.3571428571429,137,222,1,36.833333333333336,0.42857142857142855,0,0.7966703423791723,0
16768,32,2,286.49,143.245,40,168,1,168.0,0.5,0,0.5633833560709414,0
16769,189,1,380.39,380.39,33,0,0,0.0,0.0,1,0.0,0
16770,165,4,656.48,164.12,82,135,1,44.333333333333336,0.0,0,0.0,0
16771,4,4,2102.51,525.6275,195,263,1,87.33333333333333,0.25,0,0.2696699779582717,0
16774,45,3,542.2,180.73333333333335,20,62,1,30.5,0.6666666666666666,0,1.0,1
16775,1,9,1358.08,150.89777777777778,72,295,1,36.5,0.4444444444444444,0,0.9563853751516205,0
16777,9,2,226.35,113.175,45,176,0,176.0,0.5,0,0.27700987306064884,0
16778,3,2,245.94,122.97,16,199,0,199.0,0.5,0,1.6394075981970377,0
16779,0,16,7286.280000000001,455.39250000000004,135,295,1,19.266666666666666,0.1875,0,0.7964918420329034,0
16780,29,2,425.19,212.595,51,158,0,158.0,0.5,0,1.6264129964790908,0
16781,301,1,311.25,311.25,17,0,0,0.0,0.0,1,0.0,0
16782,6,10,1804.3,180.43,95,287,1,31.333333333333332,0.3,0,0.4125240865214992,0
16788,52,2,597.48,298.74,138,131,0,131.0,0.5,0,1.0,1
16791,51,5,800.27,160.054,111,209,1,51.75,0.2,0,0.5502848163425655,0
16792,211,2,110.38000000000001,55.190000000000005,11,0,0,0.0,0.0,0,0.0,0
16794,18,5,720.88,144.176,110,91,1,22.25,0.6,0,1.0,1
16795,294,1,414.88,414.88,64,0,0,0.0,0.0,1,0.0,0
16796,18,1,305.62,305.62,18,0,0,0.0,1.0,1,1.0,1
16801,92,4,1619.73,404.9325,72,110,0,36.0,0.0,0,0.0,0
16804,199,1,118.05,118.05,19,0,1,0.0,0.0,1,0.0,0
16805,102,2,460.59,230.29500000000002,94,186,0,186.0,0.0,0,0.0,0
16806,32,4,801.49,200.3725,68,135,0,44.666666666666664,0.25,0,1.0,1
16807,71,3,1121.59,373.8633333333334,57,128,0,64.0,0.3333333333333333,0,1.2654149718503354,0
16808,28,2,288.42,144.21,21,175,0,175.0,0.5,0,0.7322522522522522,0
16809,65,3,470.69,156.89666666666668,61,125,1,62.5,0.3333333333333333,0,0.5955292141123762,0
16810,121,1,309.54,309.54,15,0,0,0.0,0.0,1,1.0,1
16812,289,1,479.35,479.35,15,0,0,0.0,0.0,1,0.0,0
16813,7,8,1299.89,162.48624999999998,206,126,1,17.571428571428573,0.625,0,1.0,1
16814,16,17,5780.39,340.02294117647057,114,281,1,17.0625,0.23529411764705882,0,0.5078323011696133,0
16816,32,4,417.06,104.265,28,254,0,84.33333333333333,0.5,0,0.2814871716085421,0
16817,114,7,1179.43,168.49,52,182,1,30.0,0.0,0,0.0,0
16818,0,10,3221.81,322.181,167,134,1,14.444444444444445,0.6,0,1.0,1
16820,24,1,497.61,497.61,26,0,0,0.0,1.0,1,1.0,1
16823,156,1,358.38,358.38,34,0,0,0.0,0.0,1,1.0,1
16824,93,1,222.9,222.9,13,0,1,0.0,0.0,1,1.0,1
16825,114,1,318.7,318.7,11,0,1,0.0,0.0,1,1.0,1
16828,22,2,128.5,64.25,8,19,0,19.0,1.0,0,1.0,1
16829,85,1,197.22,197.22,11,0,0,0.0,1.0,1,1.0,1
16832,113,3,199.15,66.38333333333334,11,33,0,16.5,0.0,0,1.0,1
16833,188,3,671.29,223.76333333333335,32,74,1,37.0,0.0,0,0.0,0
16834,156,1,413.46,413.46,24,0,0,0.0,0.0,1,1.0,1
16835,57,2,180.85,90.425,10,244,0,244.0,0.5,0,1.2122324159021407,0
16836,45,1,91.32000000000001,91.32000000000001,2,0,1,0.0,1.0,1,1.0,1
16837,86,9,1911.74,212.41555555555558,77,88,1,10.625,0.1111111111111111,0,1.0,1
16838,126,2,588.85,294.425,24,90,0,90.0,0.0,0,0.0,0
16839,3,25,12627.94,505.11760000000004,110,295,1,11.75,0.36,0,1.194966505396353,0
16841,66,5,1561.06,312.212,89,150,1,37.0,0.2,0,1.0013863507467387,0
16842,29,3,1264.19,421.3966666666667,45,201,0,100.5,0.6666666666666666,0,1.428472635764643,0
16843,22,13,8809.24,677.6338461538461,188,233,1,19.083333333333332,0.38461538461538464,0,1.5340742000340093,0
16849,115,1,124.57,124.57,8,0,0,0.0,0.0,1,1.0,1
16850,262,1,332.41,332.41,19,0,0,0.0,0.0,1,0.0,0
16852,105,1,113.06,113.06,7,0,1,0.0,0.0,1,1.0,1
16858,297,1,375.69000000000005,375.69000000000005,9,0,0,0.0,0.0,1,0.0,0
16859,73,2,747.81,373.905,50,116,0,116.0,0.5,0,1.8779633620689653,0
16861,87,1,70.80000000000001,70.80000000000001,2,0,1,0.0,1.0,1,1.0,1
16863,295,1,164.25,164.25,9,0,1,0.0,0.0,1,0.0,0
16866,69,3,207.73999999999998,69.24666666666666,10,20,0,9.5,1.0,0,1.0,1
16869,94,2,387.68,193.84,56,9,1,9.0,0.0,0,1.0,1
16871,18,5,2367.26,473.45199999999994,118,181,1,45.25,0.2,0,0.35526415114686555,0
16872,6,3,680.02,226.67333333333332,5,107,0,53.5,0.6666666666666666,0,1.0,1
16873,56,4,3871.4700000000003,967.8675,97,236,1,78.33333333333333,0.25,0,0.2957027122226136,0
16875,73,4,1138.2,284.55,53,195,1,64.66666666666667,0.25,0,0.41375498391484183,0
16877,81,2,188.98,94.49000000000001,46,56,1,56.0,0.5,0,1.0,1
16878,13,1,13.3,13.3,3,0,0,0.0,1.0,1,1.0,1
16880,28,6,1109.02,184.83666666666667,92,89,1,17.4,0.5,0,1.0,1
16882,168,2,215.70000000000002,107.85000000000001,15,77,1,77.0,0.0,0,0.0,0
16883,116,2,276.73,138.365,33,184,0,184.0,0.0,0,0.0,0
16885,286,1,190.65,190.65,27,0,1,0.0,0.0,1,0.0,0
16889,123,3,1578.67,526.2233333333332,112,142,0,70.5,0.0,0,0.0,0
16891,24,3,560.14,186.71333333333334,111,275,1,137.5,0.6666666666666666,0,1.4116937914406267,0
16892,112,1,102.97999999999999,102.97999999999999,20,0,1,0.0,0.0,1,1.0,1
16893,295,1,145.93,145.93,44,0,0,0.0,0.0,1,0.0,0
16897,228,2,289.78,144.89,37,14,0,14.0,0.0,0,0.0,0
16898,106,2,319.46999999999997,159.73499999999999,99,191,1,191.0,0.0,0,0.0,0
16899,18,4,588.28,147.07,62,270,1,89.66666666666667,0.5,0,1.4114922310172973,0
16902,45,1,1706.88,1706.88,43,0,0,0.0,1.0,1,1.0,1
16904,23,14,3049.07,217.7907142857143,335,272,1,20.53846153846154,0.42857142857142855,0,1.1796940977761097,0
16905,165,3,853.93,284.6433333333334,44,135,1,67.0,0.0,0,0.0,0
16906,10,4,579.77,144.9425,74,166,0,55.0,0.25,0,1.0,1
16907,77,4,711.88,177.97,74,217,1,71.66666666666667,0.25,0,0.295539634850936,0
16909,1,1,379.14,379.14,18,0,0,0.0,1.0,1,1.0,1
16910,6,4,755.08,188.76999999999998,195,13,1,4.0,1.0,0,1.0,1
16912,63,7,1558.38,222.6257142857143,50,188,1,31.333333333333332,0.2857142857142857,0,0.5183464442215301,0
16913,219,1,113.44,113.44,8,0,0,0.0,0.0,1,0.0,0
16915,56,4,382.39000000000004,95.5975,29,156,1,51.666666666666664,0.25,0,3.1988950276243093,0
16916,301,1,198.08,198.08,48,0,1,0.0,0.0,1,0.0,0
16917,205,1,391.52,391.52,9,0,0,0.0,0.0,1,0.0,0
16918,24,3,822.7,274.23333333333335,78,221,1,110.5,0.6666666666666666,0,1.9831749945608819,0
16919,85,11,2596.45,236.04090909090908,141,212,0,20.7,0.09090909090909091,0,0.3995111201644414,0
16923,28,14,4921.51,351.5364285714286,221,263,1,19.692307692307693,0.14285714285714285,0,0.38080425739234725,0
16924,13,1,271.11,271.11,24,0,1,0.0,1.0,1,1.0,1
16926,300,1,230.25,230.25,14,0,0,0.0,0.0,1,0.0,0
16927,44,3,543.05,181.01666666666665,5,245,0,122.5,0.3333333333333333,0,0.5904231951969541,0
16928,9,17,2847.6,167.50588235294117,69,292,0,17.8125,0.47058823529411764,0,4.214060606060606,0
16929,0,3,539.72,179.90666666666667,27,83,1,41.0,1.0,0,1.0,1
16931,4,15,3198.29,213.21933333333334,361,294,1,20.5,0.3333333333333333,0,0.958029354443697,0
16933,168,1,224.73,224.73,19,0,1,0.0,0.0,1,1.0,1
16938,108,3,2410.75,803.5833333333334,205,129,1,64.0,0.0,0,0.0,0
16940,98,2,1868.36,934.1800000000001,162,120,1,120.0,0.0,0,0.0,0
16942,65,7,1449.14,207.02,115,91,1,14.833333333333334,0.2857142857142857,0,1.0,1
16943,140,3,816.73,272.24333333333334,23,106,0,53.0,0.0,0,0.0,0
16945,14,14,3292.54,235.18142857142857,107,272,1,20.615384615384617,0.2857142857142857,0,0.8230100646720399,0
16947,164,1,406.48,406.48,21,0,0,0.0,0.0,1,1.0,1
16948,67,3,435.02,145.00666666666666,15,187,0,93.0,0.3333333333333333,0,0.8085141764363515,0
16949,114,4,893.75,223.4375,32,130,1,43.333333333333336,0.0,0,0.0,0
16950,53,2,778.41,389.205,26,242,1,242.0,0.5,0,3.525639534883721,0
16951,63,3,1277.75,425.9166666666667,73,169,0,84.5,0.6666666666666666,0,0.21252811281185052,0
16952,38,2,167.61,83.805,16,0,0,0.0,1.0,0,1.0,1
16954,53,4,1245.3799999999999,311.345,34,235,1,77.66666666666667,0.25,0,0.39929050059124954,0
16955,113,4,518.67,129.6675,18,188,0,62.333333333333336,0.0,0,0.0,0
16957,168,2,416.64,208.32,15,42,0,42.0,0.0,0,0.0,0
16959,16,1,117.35000000000001,117.35000000000001,7,0,0,0.0,1.0,1,1.0,1
16960,181,1,201.53,201.53,45,0,1,0.0,0.0,1,1.0,1
16961,45,1,234.17,234.17,14,0,0,0.0,1.0,1,1.0,1
16963,116,1,110.55000000000001,110.55000000000001,7,0,0,0.0,0.0,1,1.0,1
16965,155,1,201.19,201.19,26,0,0,0.0,0.0,1,1.0,1
16966,99,4,1486.56,371.64,8,70,1,23.0,0.0,0,1.0,1
16967,118,1,319.02,319.02,21,0,0,0.0,0.0,1,1.0,1
16968,36,1,253.31,253.31,15,0,1,0.0,1.0,1,1.0,1
16969,63,2,478.96000000000004,239.48000000000002,32,57,1,57.0,0.5,0,1.0,1
16976,196,1,251.51999999999998,251.51999999999998,2,0,0,0.0,0.0,1,0.0,0
16978,6,1,344.33,344.33,39,0,0,0.0,1.0,1,1.0,1
16979,76,2,555.65,277.825,19,149,1,149.0,0.5,0,0.6006049258245716,0
16980,184,2,1078.96,539.48,71,36,0,36.0,0.0,0,0.0,0
16983,25,5,1190.3,238.06,87,272,1,67.5,0.2,0,0.49021435228331783,0
16984,17,2,4481.35,2240.675,354,41,0,41.0,1.0,0,1.0,1
16985,17,8,4080.44,510.05499999999995,51,270,1,38.285714285714285,0.25,0,0.5541508518592505,0
16987,99,3,629.45,209.8166666666667,29,35,1,17.0,0.0,0,1.0,1
16989,8,3,928.6500000000001,309.55,7,71,1,35.5,1.0,0,1.0,1
16990,147,1,179.0,179.0,1,0,0,0.0,0.0,1,1.0,1
16992,27,3,972.35,324.1166666666667,57,185,1,92.0,0.3333333333333333,0,0.7144212523719166,0
16996,50,5,1041.78,208.35600000000005,11,232,1,57.5,0.2,0,0.9215007839109043,0
16997,217,3,702.0,234.0,7,37,0,18.5,0.0,0,0.0,0
16998,78,4,295.0,73.75,1,154,0,51.0,0.25,0,0.08777777777777779,0
16999,3,1,245.83,245.83,17,0,1,0.0,1.0,1,1.0,1
17001,20,8,2793.49,349.18625,60,267,1,37.57142857142857,0.25,0,0.5271722915856757,0
17002,14,3,1493.73,497.91,41,205,0,102.0,0.3333333333333333,0,0.9749541963902856,0
17004,21,1,1006.4,1006.4,25,0,1,0.0,1.0,1,1.0,1
17006,4,1,280.76,280.76,13,0,1,0.0,1.0,1,1.0,1
17007,84,5,575.44,115.08800000000001,33,202,1,50.25,0.2,0,0.5441772885283892,0
17015,0,2,1569.98,784.99,160,114,1,114.0,0.5,0,1.0,1
17017,1,15,6246.32,416.42133333333334,84,299,1,21.071428571428573,0.26666666666666666,0,0.4821554342562838,0
17018,254,1,405.0,405.0,6,0,1,0.0,0.0,1,0.0,0
17019,190,3,995.93,331.97666666666663,114,106,1,52.5,0.0,0,0.0,0
17024,28,2,56.25,28.125,1,58,1,58.0,1.0,0,1.0,1
17025,302,2,160.97,80.485,5,0,1,0.0,0.0,0,0.0,0
17026,114,2,154.82999999999998,77.41499999999999,4,184,0,184.0,0.0,0,0.0,0
17027,7,6,890.29,148.38166666666666,110,238,0,47.2,0.3333333333333333,0,0.5280931783364873,0
17029,39,2,716.0,358.0,1,126,0,126.0,0.5,0,1.0,1
17031,83,1,225.95,225.95,13,0,1,0.0,1.0,1,1.0,1
17033,15,3,1030.14,343.37999999999994,24,273,0,136.0,0.3333333333333333,0,1.3711500974658872,0
17034,8,2,364.88,182.44,15,207,1,207.0,0.5,0,1.5732016925246828,0
17035,174,2,433.53000000000003,216.765,27,65,0,65.0,0.0,0,0.0,0
17037,16,1,1267.32,1267.32,75,0,0,0.0,1.0,1,1.0,1
17040,66,1,449.73,449.73,15,0,0,0.0,1.0,1,1.0,1
17041,37,2,750.89,375.445,45,251,1,251.0,0.5,0,1.4659770114942523,0
17042,50,4,922.8199999999999,230.70499999999998,69,125,1,41.333333333333336,0.5,0,1.0,1
17043,107,2,324.96999999999997,162.485,27,87,1,87.0,0.0,0,0.0,0
17045,42,3,339.44,113.14666666666666,20,134,0,67.0,0.6666666666666666,0,1.0,1
17046,86,1,642.02,642.02,22,0,0,0.0,1.0,1,1.0,1
17047,14,3,1100.9,366.9666666666667,59,119,0,59.5,0.3333333333333333,0,1.0,1
17048,46,3,925.35,308.45,41,213,0,106.0,0.3333333333333333,0,0.21692530247238298,0
17049,13,6,3241.84,540.3066666666667,127,191,1,38.0,0.5,0,1.7955307504272393,0
17050,25,6,3228.84,538.14,169,203,0,40.2,0.16666666666666666,0,0.37540215761275286,0
17051,123,1,247.14000000000001,247.14000000000001,40,0,0,0.0,0.0,1,1.0,1
17053,59,1,498.48,498.48,13,0,0,0.0,1.0,1,1.0,1
17054,66,4,1207.32,301.83,58,107,1,35.333333333333336,0.25,0,1.0,1
17058,10,3,1179.89,393.2966666666667,51,158,0,78.5,0.3333333333333333,0,1.0,1
17059,39,4,2250.1,562.525,232,259,1,86.0,0.25,0,0.6257552934008092,0
17060,195,1,234.24,234.24,5,0,0,0.0,0.0,1,0.0,0
17061,2,11,5232.2300000000005,475.65727272727275,57,158,0,15.4,0.2727272727272727,0,1.0,1
17062,242,4,538.37,134.5925,52,55,0,18.0,0.0,0,0.0,0
17063,92,4,671.87,167.9675,35,126,1,42.0,0.0,0,0.0,0
17064,111,2,461.3,230.65000000000003,36,144,1,144.0,0.0,0,0.0,0
17068,13,17,3826.69,225.09941176470588,100,283,1,17.375,0.35294117647058826,0,0.9625234943205031,0
17069,6,7,2058.91,294.13,88,295,1,48.666666666666664,0.42857142857142855,0,1.6903978052126198,0
17070,43,1,312.14,312.14,62,0,0,0.0,1.0,1,1.0,1
17071,17,7,1694.22,242.03142857142856,77,221,1,36.333333333333336,0.42857142857142855,0,2.1072759682385347,0
17073,11,2,841.1899999999999,420.595,98,27,1,27.0,1.0,0,1.0,1
17075,182,3,696.07,232.02333333333334,49,64,1,31.5,0.0,0,0.0,0
17076,202,2,334.2,167.1,11,90,1,90.0,0.0,0,0.0,0
17079,7,1,118.80000000000001,118.80000000000001,2,0,0,0.0,1.0,1,1.0,1
17080,198,1,76.32000000000001,76.32000000000001,1,0,1,0.0,0.0,1,0.0,0
17082,247,1,636.94,636.94,24,0,1,0.0,0.0,1,0.0,0
17083,38,3,1405.78,468.5933333333333,24,194,0,97.0,0.3333333333333333,0,0.41139736149876516,0
17085,52,5,1566.65,313.33000000000004,115,239,0,59.25,0.2,0,0.35688628899835795,0
17088,1,3,1751.73,583.91,88,181,1,90.0,0.3333333333333333,0,1.0,1
17090,17,5,1517.51,303.502,45,266,1,66.0,0.4,0,1.879783549783549,0
17091,27,7,2692.0,384.57142857142856,108,269,1,44.666666666666664,0.2857142857142857,0,0.7854416483702079,0
17092,16,3,989.6700000000001,329.89000000000004,61,189,1,94.5,0.6666666666666666,0,6.336323202372128,0
17094,251,1,302.0,302.0,14,0,0,0.0,0.0,1,0.0,0
17095,228,2,543.96,271.98,33,35,1,35.0,0.0,0,0.0,0
17096,72,2,443.94,221.97,22,118,1,118.0,0.5,0,2.325642370214997,0
17097,29,6,639.53,106.58833333333332,103,265,1,52.6,0.6666666666666666,0,1.2233694896398277,0
17101,107,1,230.57999999999998,230.57999999999998,17,0,1,0.0,0.0,1,1.0,1
17102,190,1,25.5,25.5,1,0,0,0.0,0.0,1,0.0,0
17105,88,2,665.78,332.89,80,147,0,147.0,0.5,0,1.084470882905448,0
17107,4,4,8516.77,2129.1925,237,202,1,67.0,0.5,0,2.5943452433621794,0
17109,161,2,464.59000000000003,232.295,52,0,1,0.0,0.0,0,1.0,1
17110,94,1,163.29999999999998,163.29999999999998,12,0,0,0.0,0.0,1,1.0,1
17114,67,6,603.59,100.59833333333334,66,196,1,38.8,0.16666666666666666,0,0.4145231133646693,0
17115,111,2,612.82,306.40999999999997,28,50,1,50.0,0.0,0,1.0,1
17117,217,1,116.19999999999999,116.19999999999999,9,0,0,0.0,0.0,1,0.0,0
17118,246,1,157.02,157.02,10,0,0,0.0,0.0,1,0.0,0
17120,162,1,307.46,307.46,18,0,0,0.0,0.0,1,1.0,1
17122,48,1,138.32,138.32,7,0,0,0.0,1.0,1,1.0,1
17123,90,1,345.29999999999995,345.29999999999995,9,0,0,0.0,1.0,1,1.0,1
17124,114,1,298.89,298.89,31,0,0,0.0,0.0,1,1.0,1
17126,81,5,1004.75,200.95,187,210,0,52.5,0.6,0,0.9499485706522793,0
17128,263,1,157.09,157.09,14,0,0,0.0,0.0,1,0.0,0
17131,4,1,789.77,789.77,37,0,1,0.0,1.0,1,1.0,1
17133,16,4,4137.6900000000005,1034.4225000000001,13,178,1,59.0,0.25,0,2.4273506774750517,0
17134,35,2,425.0,212.5,21,157,0,157.0,0.5,0,0.2859304084720122,0
17135,218,2,500.55,250.275,19,82,1,82.0,0.0,0,0.0,0
17138,204,1,380.5,380.5,24,0,0,0.0,0.0,1,0.0,0
17139,17,8,8387.06,1048.3825,273,200,1,28.285714285714285,0.25,0,0.8339774913083474,0
17140,176,1,465.32,465.32,16,0,0,0.0,0.0,1,1.0,1
17142,168,1,579.0,579.0,15,0,0,0.0,0.0,1,1.0,1
17144,13,1,595.89,595.89,23,0,1,0.0,1.0,1,1.0,1
17146,34,3,749.78,249.92666666666665,33,253,0,126.0,0.3333333333333333,0,0.329680073774562,0
17147,9,3,1349.3,449.76666666666665,57,230,1,115.0,0.3333333333333333,0,0.9186568986568987,0
17152,123,3,1689.5,563.1666666666666,9,68,0,34.0,0.0,0,0.0,0
17154,4,1,329.34,329.34,23,0,0,0.0,1.0,1,1.0,1
17155,106,1,143.3,143.3,9,0,1,0.0,0.0,1,1.0,1
17157,105,1,161.46,161.46,8,0,1,0.0,0.0,1,1.0,1
17158,161,2,698.55,349.275,36,127,1,127.0,0.0,0,0.0,0
17159,4,2,926.67,463.33500000000004,51,96,1,96.0,0.5,0,1.0,1
17160,38,5,3001.18,600.2360000000001,85,132,1,32.5,0.6,0,1.0,1
17162,60,9,1463.66,162.6288888888889,75,174,1,21.5,0.1111111111111111,0,0.4690329476861167,0
17163,7,1,123.10000000000001,123.10000000000001,3,0,1,0.0,1.0,1,1.0,1
17164,8,4,2016.26,504.065,82,193,1,64.0,0.5,0,1.711032800216861,0
17165,213,1,158.68,158.68,10,0,0,0.0,0.0,1,0.0,0
17166,132,1,127.59,127.59,10,0,1,0.0,0.0,1,1.0,1
17169,112,1,308.68,308.68,18,0,1,0.0,0.0,1,1.0,1
17171,218,1,224.91,224.91,16,0,0,0.0,0.0,1,0.0,0
17172,7,1,317.76,317.76,15,0,0,0.0,1.0,1,1.0,1
17173,45,2,961.26,480.63,13,14,1,14.0,1.0,0,1.0,1
17174,146,1,59.9,59.9,4,0,0,0.0,0.0,1,1.0,1
17175,70,3,1132.6299999999999,377.54333333333335,42,155,1,77.0,0.3333333333333333,0,0.5990020806041456,0
17176,130,1,306.13,306.13,15,0,0,0.0,0.0,1,1.0,1
17179,107,3,711.79,237.26333333333332,56,183,0,91.5,0.0,0,0.0,0
17180,170,3,564.86,188.28666666666666,77,74,1,37.0,0.0,0,0.0,0
17181,302,1,155.52,155.52,2,0,1,0.0,0.0,1,0.0,0
17183,34,1,329.67,329.67,9,0,1,0.0,1.0,1,1.0,1
17187,155,1,203.95,203.95,10,0,0,0.0,0.0,1,1.0,1
17188,93,5,1815.09,363.01800000000003,51,198,1,49.25,0.0,0,0.0,0
17189,35,2,384.40000000000003,192.2,52,253,0,253.0,0.5,0,0.6917524865768858,0
17190,136,1,195.0,195.0,1,0,1,0.0,0.0,1,1.0,1
17191,23,6,1562.96,260.49333333333334,130,273,1,54.4,0.16666666666666666,0,0.4717620114998538,0
17193,15,3,747.6,249.20000000000002,4,90,1,45.0,0.3333333333333333,0,1.0,1
17194,202,2,262.62,131.31,26,86,0,86.0,0.0,0,0.0,0
17198,294,2,521.66,260.83,73,5,1,5.0,0.0,0,0.0,0
17204,104,4,1564.56,391.14000000000004,44,88,0,29.0,0.0,0,0.0,0
17211,109,6,1464.89,244.14833333333334,106,189,1,37.4,0.0,0,0.0,0
17212,182,1,226.85,226.85,4,0,0,0.0,0.0,1,1.0,1
17213,70,5,1780.01,356.00200000000007,67,225,1,56.0,0.4,0,0.8997918779017023,0
17214,14,5,864.12,172.824,67,273,1,67.75,0.2,0,0.552747737806224,0
17217,163,1,113.5,113.5,9,0,0,0.0,0.0,1,1.0,1
17218,0,7,1360.6,194.37142857142857,108,297,1,49.0,0.2857142857142857,0,0.5312068898830629,0
17220,0,11,2620.71,238.24636363636364,272,292,1,29.0,0.5454545454545454,0,1.8132235294117642,0
17223,239,2,426.79,213.395,43,58,0,58.0,0.0,0,0.0,0
17226,237,1,393.49,393.49,21,0,0,0.0,0.0,1,0.0,0
17227,101,3,473.75,157.91666666666666,17,195,1,97.5,0.0,0,0.0,0
17228,16,5,1056.3,211.26,95,284,1,70.75,0.2,0,0.7691601652134007,0
17229,25,2,318.76,159.38,39,46,0,46.0,1.0,0,1.0,1
17230,193,8,3638.41,454.80125,51,95,0,13.428571428571429,0.0,0,0.0,0
17231,55,7,1938.72,276.96,209,235,1,38.666666666666664,0.14285714285714285,0,0.2132675324675324,0
17234,111,1,149.89000000000001,149.89000000000001,14,0,0,0.0,0.0,1,1.0,1
17235,301,1,341.9,341.9,10,0,1,0.0,0.0,1,0.0,0
17236,108,5,697.73,139.546,62,183,1,45.25,0.0,0,0.0,0
17238,13,12,2224.23,185.3525,222,286,1,25.636363636363637,0.25,0,0.6777207474536853,0
17239,241,1,382.5,382.5,15,0,0,0.0,0.0,1,0.0,0
17242,37,2,1135.04,567.52,30,72,0,72.0,0.5,0,1.0,1
17243,7,17,4702.86,276.63882352941175,133,291,1,17.8125,0.29411764705882354,0,0.5915129073657194,0
17245,133,1,171.45,171.45,9,0,0,0.0,0.0,1,1.0,1
17248,49,1,318.65,318.65,68,0,0,0.0,1.0,1,1.0,1
17250,190,1,162.65,162.65,23,0,1,0.0,0.0,1,0.0,0
17251,291,1,283.28000000000003,283.28000000000003,37,0,0,0.0,0.0,1,0.0,0
17252,45,2,353.86,176.92999999999998,86,69,0,69.0,0.5,0,1.0,1
17255,228,1,112.46,112.46,36,0,1,0.0,0.0,1,0.0,0
17256,36,2,240.0,120.0,12,204,0,204.0,0.5,0,0.8764659890539485,0
17259,77,2,603.37,301.685,104,220,0,220.0,0.5,0,0.5809925584320302,0
17262,156,4,955.3600000000001,238.84,7,139,1,46.333333333333336,0.0,0,0.0,0
17263,137,1,63.440000000000005,63.440000000000005,23,0,0,0.0,0.0,1,1.0,1
17265,67,2,562.9,281.45000000000005,106,41,0,41.0,0.5,0,1.0,1
17266,76,1,113.06,113.06,17,0,1,0.0,1.0,1,1.0,1
17267,56,2,317.62,158.81,37,0,0,0.0,1.0,0,1.0,1
17268,36,4,763.64,190.91,3,137,0,45.333333333333336,0.5,0,1.0,1
17272,128,2,1409.44,704.72,59,63,1,63.0,0.0,0,0.0,0
17277,156,2,1065.3500000000001,532.675,67,95,0,95.0,0.0,0,0.0,0
17278,170,1,246.04,246.04,15,0,0,0.0,0.0,1,1.0,1
17282,59,3,1703.41,567.8033333333334,79,169,0,84.0,0.3333333333333333,0,0.9260632203275595,0
17284,49,5,1494.1399999999999,298.828,219,215,1,53.5,0.2,0,0.38118445490217984,0
17287,3,6,880.3,146.71666666666667,79,298,1,59.2,0.3333333333333333,0,1.7061517736865737,0
17288,136,5,663.7,132.74,13,151,1,37.25,0.0,0,0.0,0
17289,109,1,167.35999999999999,167.35999999999999,30,0,1,0.0,0.0,1,1.0,1
17291,237,1,550.8000000000001,550.8000000000001,1,0,0,0.0,0.0,1,0.0,0
17293,14,6,1117.37,186.22833333333332,53,276,1,55.0,0.6666666666666666,0,1.3806754021519125,0
17298,30,2,498.42,249.21,30,23,0,23.0,1.0,0,1.0,1
17299,18,3,578.05,192.6833333333333,49,83,1,41.0,0.6666666666666666,0,1.0,1
17302,51,3,661.61,220.53666666666666,48,182,1,91.0,0.3333333333333333,0,1.9605687722176646,0
17303,290,1,250.04,250.04,53,0,0,0.0,0.0,1,0.0,0
17306,0,16,7206.24,450.39,9,282,1,18.4,0.3125,0,1.2446234599402202,0
17309,24,1,82.75,82.75,11,0,0,0.0,1.0,1,1.0,1
17311,7,2,1384.85,692.425,55,238,0,238.0,0.5,0,1.488678431513496,0
17312,67,3,644.3,214.76666666666665,11,20,0,10.0,1.0,0,1.0,1
17314,77,5,1506.92,301.384,57,164,1,40.25,0.2,0,0.2577763659466328,0
17315,4,32,4937.84,154.3075,235,282,1,8.64516129032258,0.375,0,1.268052605020029,0
17317,18,1,2027.94,2027.94,7,0,1,0.0,1.0,1,1.0,1
17320,29,3,1200.6200000000001,400.20666666666665,57,267,0,133.0,0.3333333333333333,0,0.644282799609687,0
17323,53,4,537.25,134.3125,98,167,1,55.666666666666664,0.25,0,0.7375961606323664,0
17324,260,2,702.23,351.115,17,34,1,34.0,0.0,0,0.0,0
17325,209,1,96.8,96.8,6,0,0,0.0,0.0,1,0.0,0
17329,244,1,243.36,243.36,16,0,1,0.0,0.0,1,0.0,0
17331,52,1,175.2,175.2,1,0,0,0.0,1.0,1,1.0,1
17333,14,1,494.25,494.25,28,0,0,0.0,1.0,1,1.0,1
17334,231,2,307.02,153.51,11,6,0,6.0,0.0,0,0.0,0
17337,80,4,2027.8700000000001,506.96750000000003,421,158,0,52.333333333333336,0.25,0,0.03209248870188562,0
17338,43,7,5207.02,743.86,320,247,1,40.833333333333336,0.2857142857142857,0,0.5887355759275643,0
17339,23,2,243.36,121.68,9,270,0,270.0,0.5,0,3.056,0
17340,9,10,8459.5,845.95,165,285,1,31.555555555555557,0.6,0,0.6092780691635381,0
17341,85,3,781.36,260.4533333333333,147,209,0,104.5,0.6666666666666666,0,0.5213395638629285,0
17343,284,1,193.64,193.64,17,0,0,0.0,0.0,1,0.0,0
17345,22,3,284.13,94.71,32,103,1,51.5,0.3333333333333333,0,1.0,1
17346,32,8,1266.21,158.27625,170,270,1,38.142857142857146,0.125,0,0.4358110975920319,0
17347,15,1,228.96,228.96,1,0,0,0.0,1.0,1,1.0,1
17348,0,2,660.61,330.305,84,226,1,226.0,0.5,0,3.1249453637215105,0
17349,108,1,110.75,110.75,8,0,0,0.0,0.0,1,1.0,1
17351,98,2,427.3,213.64999999999998,17,104,1,104.0,0.0,0,0.0,0
17353,58,2,1740.0,870.0,5,25,0,25.0,1.0,0,1.0,1
17356,240,1,178.22,178.22,19,0,0,0.0,0.0,1,0.0,0
17358,232,2,365.85,182.925,55,52,0,52.0,0.0,0,0.0,0
17360,113,1,330.95,330.95,53,0,1,0.0,0.0,1,1.0,1
17361,115,2,263.92,131.95999999999998,16,105,1,105.0,0.0,0,0.0,0
17362,168,2,312.23,156.115,30,70,0,70.0,0.0,0,0.0,0
17364,66,6,2633.81,438.9683333333333,153,193,1,38.4,0.16666666666666666,0,0.4476873358917391,0
17365,16,6,3497.48,582.9133333333333,233,245,1,48.6,0.16666666666666666,0,1.5168044596450596,0
17367,167,1,168.4,168.4,33,0,0,0.0,0.0,1,1.0,1
17368,22,6,1635.67,272.6116666666667,56,244,1,48.4,0.16666666666666666,0,0.023399181028663996,0
17370,1,4,446.18,111.545,31,96,0,32.0,0.75,0,1.0,1
17371,290,1,97.63,97.63,7,0,1,0.0,0.0,1,0.0,0
17372,95,6,1061.13,176.85500000000002,177,196,1,39.0,0.0,0,0.0,0
17373,0,3,433.52,144.50666666666666,35,241,1,120.0,0.6666666666666666,0,1.9846471600688462,0
17374,147,2,495.77,247.885,24,62,0,62.0,0.0,0,0.0,0
17375,128,3,400.1,133.36666666666667,63,162,0,80.5,0.0,0,0.0,0
17376,240,1,105.85,105.85,13,0,0,0.0,0.0,1,0.0,0
17377,3,11,2336.27,212.3881818181818,112,298,1,29.4,0.2727272727272727,0,0.37905133886656395,0
17381,28,24,18261.65,760.9020833333334,40,273,1,11.434782608695652,0.25,0,0.42716606046902955,0
17384,148,1,227.65,227.65,3,0,1,0.0,0.0,1,1.0,1
17386,28,5,1697.3400000000001,339.468,8,66,1,16.25,0.6,0,1.0,1
17388,6,4,1259.56,314.89,13,209,0,69.33333333333333,0.5,0,1.3007337526205451,0
17389,3,26,13595.539999999999,522.9053846153846,44,256,1,9.8,0.34615384615384615,0,7.722298548473806,0
17391,92,2,508.8,254.4,2,0,0,0.0,0.0,0,1.0,1
17392,235,2,457.91,228.955,53,51,0,51.0,0.0,0,0.0,0
17394,148,1,203.86999999999998,203.86999999999998,4,0,0,0.0,0.0,1,1.0,1
17396,77,6,4801.8,800.2999999999998,18,223,1,44.6,0.8333333333333334,0,10.0,0
17398,43,3,653.38,217.79333333333332,30,140,0,69.5,0.3333333333333333,0,0.4086953677047893,0
17400,55,5,2129.96,425.992,175,226,0,56.25,0.2,0,1.9271518494943063,0
17402,14,9,1847.6499999999999,205.29444444444445,29,284,1,35.0,0.3333333333333333,0,1.1984192211516604,0
17404,16,11,25118.38,2283.4890909090905,95,272,1,26.7,0.45454545454545453,0,0.9972573731335883,0
17405,1,2,883.01,441.505,65,77,1,77.0,1.0,0,1.0,1
17406,262,3,2200.42,733.4733333333334,99,33,0,16.5,0.0,0,0.0,0
17408,92,1,32.65,32.65,2,0,0,0.0,0.0,1,1.0,1
17409,113,2,771.85,385.925,13,63,0,63.0,0.0,0,1.0,1
17410,25,2,419.55,209.77499999999998,22,119,1,119.0,0.5,0,1.0,1
17411,4,2,569.44,284.72,31,185,1,185.0,0.5,0,0.9939771692695566,0
17412,125,4,709.82,177.455,30,175,1,58.333333333333336,0.0,0,0.0,0
17414,113,1,598.0,598.0,5,0,1,0.0,0.0,1,1.0,1
17415,8,1,507.84,507.84,14,0,0,0.0,1.0,1,1.0,1
17416,6,6,5878.81,979.8016666666666,162,203,1,40.4,0.3333333333333333,0,0.706035342907538,0
17418,252,1,167.39000000000001,167.39000000000001,12,0,1,0.0,0.0,1,0.0,0
17419,72,8,2660.0,332.5,107,223,1,31.571428571428573,0.125,0,0.36379790321625305,0
17420,100,2,391.51,195.755,19,202,1,202.0,0.0,0,0.0,0
17422,22,5,1698.97,339.794,80,203,1,50.25,0.4,0,2.166101167315175,0
17423,146,1,449.42,449.42,11,0,1,0.0,0.0,1,1.0,1
17426,20,4,4280.59,1070.1475,153,190,1,63.333333333333336,0.25,0,0.838744262404932,0
17427,0,1,100.8,100.8,2,0,0,0.0,1.0,1,1.0,1
17428,14,21,14751.37,702.4461904761905,239,283,1,13.95,0.19047619047619047,0,1.5105083461653888,0
17429,57,3,524.9200000000001,174.97333333333336,36,90,0,44.5,0.3333333333333333,0,1.0,1
17430,294,1,112.6,112.6,5,0,1,0.0,0.0,1,0.0,0
17431,242,1,403.3,403.3,41,0,0,0.0,0.0,1,0.0,0
17433,17,1,303.15999999999997,303.15999999999997,53,0,0,0.0,1.0,1,1.0,1
17434,14,1,499.56,499.56,22,0,1,0.0,1.0,1,1.0,1
17436,155,1,122.39999999999999,122.39999999999999,4,0,1,0.0,0.0,1,1.0,1
17438,182,1,388.45000000000005,388.45000000000005,17,0,0,0.0,0.0,1,1.0,1
17440,85,3,186.42000000000002,62.13999999999999,3,90,0,45.0,0.3333333333333333,0,1.0,1
17442,22,5,1921.69,384.338,86,196,1,48.5,0.4,0,1.9342603724791867,0
17443,148,1,534.24,534.24,1,0,0,0.0,0.0,1,1.0,1
17444,76,3,2940.04,980.0133333333333,132,25,0,12.5,0.6666666666666666,0,1.0,1
17446,105,2,120.9,60.45,6,133,0,133.0,0.0,0,0.0,0
17447,0,1,372.48,372.48,28,0,1,0.0,1.0,1,1.0,1
17449,23,4,1497.55,374.3875,119,264,1,87.66666666666667,0.25,0,0.1709955016624291,0
17450,9,31,158062.98,5098.805806451613,120,287,1,9.3,0.5161290322580645,0,2.837439098740422,0
17451,10,2,560.98,280.49,33,23,1,23.0,1.0,0,1.0,1
17454,121,4,517.53,129.3825,57,167,0,55.333333333333336,0.0,0,0.0,0
17455,132,1,131.7,131.7,8,0,0,0.0,0.0,1,1.0,1
17456,294,1,249.86,249.86,17,0,0,0.0,0.0,1,0.0,0
17457,55,5,1737.7,347.54,14,212,0,52.75,0.2,0,0.4742420439014866,0
17460,23,6,622.4300000000001,103.73833333333334,18,278,0,55.2,0.16666666666666666,0,0.4664701762577333,0
17462,213,1,463.40999999999997,463.40999999999997,14,0,1,0.0,0.0,1,0.0,0
17463,105,3,1245.64,415.2133333333333,103,136,1,68.0,0.0,0,0.0,0
17464,87,1,289.96000000000004,289.96000000000004,9,0,0,0.0,1.0,1,1.0,1
17466,7,1,460.41,460.41,23,0,1,0.0,1.0,1,1.0,1
17469,1,4,1492.07,373.0175,49,132,1,43.666666666666664,0.75,0,1.0,1
17470,56,4,816.47,204.1175,54,240,1,79.66666666666667,0.25,0,1.0838565022421525,0
17472,120,3,710.29,236.76333333333332,142,108,0,53.5,0.0,0,0.0,0
17475,8,1,194.37,194.37,14,0,0,0.0,1.0,1,1.0,1
17480,6,1,511.82,511.82,29,0,0,0.0,1.0,1,1.0,1
17481,22,1,260.63,260.63,19,0,1,0.0,1.0,1,1.0,1
17483,63,2,274.74,137.37,13,48,1,48.0,0.5,0,1.0,1
17486,190,1,396.87,396.87,24,0,0,0.0,0.0,1,0.0,0
17489,141,1,208.56,208.56,16,0,1,0.0,0.0,1,1.0,1
17490,2,3,1014.5,338.1666666666667,43,103,1,51.0,0.6666666666666666,0,1.0,1
17491,3,7,2423.62,346.2314285714286,64,293,1,48.166666666666664,0.42857142857142855,0,0.9234363706654564,0
17492,177,1,374.57,374.57,12,0,0,0.0,0.0,1,1.0,1
17496,287,1,271.05,271.05,10,0,0,0.0,0.0,1,0.0,0
17498,4,1,272.22,272.22,17,0,0,0.0,1.0,1,1.0,1
17499,218,1,622.88,622.88,40,0,0,0.0,0.0,1,0.0,0
17501,149,2,288.6,144.3,18,0,0,0.0,0.0,0,1.0,1
17504,135,9,2997.0299999999997,333.00333333333333,112,116,0,14.375,0.0,0,0.0,0
17505,90,2,1145.84,572.9200000000001,48,44,0,44.0,0.5,0,1.0,1
17506,4,1,302.2,302.2,14,0,0,0.0,1.0,1,1.0,1
17507,190,2,605.58,302.78999999999996,79,47,0,47.0,0.0,0,0.0,0
17508,209,1,387.31,387.31,22,0,0,0.0,0.0,1,0.0,0
17511,2,23,64405.39,2800.234347826087,379,300,1,13.090909090909092,0.30434782608695654,0,0.9470261109010043,0
17512,50,8,1891.9,236.4875,40,180,1,25.428571428571427,0.25,0,0.5393130958262428,0
17513,1,1,513.2,513.2,6,0,0,0.0,1.0,1,1.0,1
17514,57,1,208.65,208.65,40,0,0,0.0,1.0,1,1.0,1
17515,135,3,571.37,190.45666666666668,47,111,1,55.5,0.0,0,0.0,0
17516,48,4,608.85,152.2125,95,166,1,55.333333333333336,0.25,0,0.4686575359180062,0
17517,237,1,153.94,153.94,11,0,0,0.0,0.0,1,0.0,0
17519,62,5,1488.0,297.6,50,234,1,58.0,0.2,0,0.5115992292870903,0
17521,128,1,159.56,159.56,8,0,1,0.0,0.0,1,1.0,1
17522,67,4,912.25,228.06250000000003,54,79,1,26.0,0.25,0,1.0,1
17524,290,1,145.0,145.0,6,0,0,0.0,0.0,1,0.0,0
17525,288,1,422.70000000000005,422.70000000000005,9,0,0,0.0,0.0,1,0.0,0
17526,219,3,872.8,290.93333333333334,9,74,1,36.5,0.0,0,0.0,0
17527,9,3,788.22,262.74,39,137,1,68.0,0.6666666666666666,0,1.0,1
17528,0,2,1107.08,553.54,118,0,1,0.0,1.0,0,1.0,1
17530,14,7,1763.41,251.91571428571427,254,279,1,46.333333333333336,0.14285714285714285,0,0.6129422156106179,0
17531,119,1,296.7,296.7,14,0,0,0.0,0.0,1,1.0,1
17535,209,1,164.4,164.4,13,0,0,0.0,0.0,1,0.0,0
17536,106,1,76.5,76.5,3,0,0,0.0,0.0,1,1.0,1
17537,232,1,630.7,630.7,60,0,1,0.0,0.0,1,0.0,0
17540,245,1,268.8,268.8,8,0,1,0.0,0.0,1,0.0,0
17542,198,1,170.75,170.75,24,0,0,0.0,0.0,1,0.0,0
17548,162,1,103.3,103.3,5,0,0,0.0,0.0,1,1.0,1
17550,126,3,267.16,89.05333333333333,42,45,0,22.5,0.0,0,1.0,1
17551,288,1,306.84,306.84,39,0,0,0.0,0.0,1,0.0,0
17552,0,3,913.91,304.63666666666666,43,301,1,150.5,0.3333333333333333,0,2.061469918263433,0
17553,58,1,1487.6,1487.6,2,0,0,0.0,1.0,1,1.0,1
17554,51,2,1249.89,624.9449999999999,51,25,1,25.0,1.0,0,1.0,1
17555,263,1,195.45,195.45,48,0,1,0.0,0.0,1,0.0,0
17556,134,1,157.9,157.9,6,0,0,0.0,0.0,1,1.0,1
17557,10,1,288.36,288.36,20,0,1,0.0,1.0,1,1.0,1
17560,23,4,854.95,213.7375,22,215,0,71.33333333333333,0.5,0,2.2757557063541025,0
17562,16,5,852.88,170.57600000000002,42,86,1,21.0,0.8,0,1.0,1
17564,9,1,119.12,119.12,16,0,1,0.0,1.0,1,1.0,1
17567,21,6,2925.45,487.575,83,279,1,55.4,0.3333333333333333,0,0.7113342082831591,0
17569,261,1,344.14,344.14,29,0,0,0.0,0.0,1,0.0,0
17571,74,3,561.2,187.0666666666667,72,152,1,76.0,0.3333333333333333,0,0.5591054313099042,0
17572,0,4,226.75000000000003,56.6875,7,302,0,100.0,0.5,0,1.052966101694915,0
17573,14,2,182.21,91.105,12,8,1,8.0,1.0,0,1.0,1
17574,171,1,185.65,185.65,8,0,0,0.0,0.0,1,1.0,1
17576,2,16,2778.15,173.634375,203,292,1,19.066666666666666,0.375,0,1.1132737885627086,0
17578,147,1,143.45999999999998,143.45999999999998,5,0,0,0.0,0.0,1,1.0,1
17579,66,2,270.86,135.43,15,41,1,41.0,0.5,0,1.0,1
17580,181,3,215.72,71.90666666666667,43,105,0,52.0,0.0,0,0.0,0
17581,7,19,8378.07,440.95105263157893,203,293,1,16.11111111111111,0.3157894736842105,0,1.7601042140843974,0
17582,165,1,175.27,175.27,28,0,0,0.0,0.0,1,1.0,1
17584,56,1,749.45,749.45,16,0,1,0.0,1.0,1,1.0,1
17585,38,4,1133.07,283.2675,176,228,0,76.0,0.25,0,0.6127164305025596,0
17588,29,3,1240.2,413.40000000000003,19,132,0,65.5,0.3333333333333333,0,1.0,1
17589,80,3,1843.07,614.3566666666667,124,89,1,44.5,0.3333333333333333,0,1.0,1
17591,2,7,2225.9700000000003,317.9957142857143,81,293,0,48.5,0.2857142857142857,0,0.48284816753926707,0
17593,20,4,3249.14,812.285,149,260,1,86.33333333333333,0.5,0,2.614874038316489,0
17594,14,2,993.18,496.59,42,169,0,169.0,0.5,0,1.0,1
17596,65,4,1738.73,434.6825,112,232,1,76.66666666666667,0.25,0,1.1458152921399827,0
17597,142,1,2044.3700000000001,2044.3700000000001,55,0,0,0.0,0.0,1,1.0,1
17601,168,1,116.00999999999999,116.00999999999999,9,0,0,0.0,0.0,1,1.0,1
17602,14,3,2153.9900000000002,717.9966666666668,181,238,1,118.5,0.6666666666666666,0,1.8081480998631123,0
17603,7,1,394.72,394.72,11,0,0,0.0,1.0,1,1.0,1
17604,146,2,309.36,154.68,57,94,0,94.0,0.0,0,0.0,0
17609,2,3,751.04,250.34666666666666,132,254,1,126.5,0.3333333333333333,0,0.3967899719169038,0
17611,1,10,3016.72,301.67199999999997,400,288,1,31.555555555555557,0.3,0,0.6134101112629319,0
17612,24,5,1682.94,336.588,95,202,1,50.25,0.6,0,3.3300268447587245,0
17613,10,10,3781.13,378.113,201,224,1,24.444444444444443,0.2,0,0.6801067149904357,0
17615,59,3,329.6,109.86666666666667,13,91,0,45.5,0.3333333333333333,0,1.0,1
17616,102,3,571.1999999999999,190.39999999999998,1,194,0,96.5,0.0,0,0.0,0
17618,177,2,666.78,333.39,48,113,1,113.0,0.0,0,0.0,0
17619,241,1,218.52,218.52,71,0,0,0.0,0.0,1,0.0,0
17621,241,2,901.78,450.89,15,41,1,41.0,0.0,0,0.0,0
17624,147,1,400.3,400.3,25,0,1,0.0,0.0,1,1.0,1
17625,69,2,1234.78,617.39,161,117,1,117.0,0.5,0,1.2463615194294864,0
17628,10,1,75.75,75.75,5,0,0,0.0,1.0,1,1.0,1
17629,49,5,798.38,159.676,66,239,1,59.5,0.2,0,0.3488372093023256,0
17630,98,2,503.59999999999997,251.8,24,62,0,62.0,0.0,0,1.0,1
17631,66,2,416.5,208.25,29,95,1,95.0,0.5,0,1.0,1
17633,0,3,1004.5,334.8333333333333,47,48,1,24.0,1.0,0,1.0,1
17634,21,7,2080.45,297.20714285714286,177,245,1,40.333333333333336,0.2857142857142857,0,0.2142195068872966,0
17637,44,1,338.95,338.95,24,0,1,0.0,1.0,1,1.0,1
17639,205,1,108.5,108.5,7,0,0,0.0,0.0,1,0.0,0
17640,15,1,621.66,621.66,5,0,0,0.0,1.0,1,1.0,1
17642,48,2,712.29,356.145,34,56,0,56.0,0.5,0,1.0,1
17643,302,1,101.55,101.55,8,0,0,0.0,0.0,1,0.0,0
17644,7,8,2132.67,266.58375,83,182,1,25.571428571428573,0.5,0,2.6631184035075823,0
17646,148,3,1008.39,336.13000000000005,46,145,0,72.5,0.0,0,0.0,0
17648,121,3,1107.39,369.12999999999994,62,57,1,28.5,0.0,0,1.0,1
17649,67,1,868.49,868.49,52,0,0,0.0,1.0,1,1.0,1
17651,8,5,1800.86,360.172,80,97,1,24.0,0.6,0,1.0,1
17652,13,7,3202.02,457.43142857142857,105,197,1,32.333333333333336,0.2857142857142857,0,3.8353126405757982,0
17653,28,2,343.34,171.67000000000002,9,20,1,20.0,1.0,0,1.0,1
17654,206,1,117.55,117.55,22,0,0,0.0,0.0,1,0.0,0
17655,45,5,1903.3300000000002,380.66600000000005,54,249,1,61.75,0.2,0,0.23184236909076886,0
17656,2,5,1674.69,334.938,67,55,0,13.5,1.0,0,1.0,1
17658,140,1,317.59999999999997,317.59999999999997,9,0,1,0.0,0.0,1,1.0,1
17659,29,9,1653.03,183.67,68,271,1,33.5,0.3333333333333333,0,1.0741341193809875,0
17660,70,1,196.0,196.0,37,0,0,0.0,1.0,1,1.0,1
17663,13,5,1287.81,257.562,46,202,1,50.25,0.4,0,1.3382158916502866,0
17664,141,1,326.19,326.19,23,0,1,0.0,0.0,1,1.0,1
17667,90,4,1751.01,437.7525,81,137,1,45.333333333333336,0.25,0,0.4249124508377782,0
17669,14,6,3194.72,532.4533333333334,43,164,1,32.2,0.3333333333333333,0,1.0,1
17670,156,1,205.7,205.7,11,0,0,0.0,0.0,1,1.0,1
17671,86,3,1098.55,366.18333333333334,38,207,1,103.5,0.3333333333333333,0,0.791059921863108,0
17672,238,1,1177.8400000000001,1177.8400000000001,41,0,1,0.0,0.0,1,0.0,0
17673,91,4,1209.77,302.4425,110,157,1,52.333333333333336,0.25,0,0.18270389457221242,0
17674,3,2,551.04,275.52,19,294,0,294.0,0.5,0,0.8327679105966872,0
17675,30,23,14074.19,611.9213043478261,179,266,1,11.590909090909092,0.391304347826087,0,1.2003393432294582,0
17676,38,4,730.84,182.71,31,257,1,85.0,0.75,0,1.4304622547389425,0
17677,11,22,12721.03,578.2286363636364,138,286,1,13.380952380952381,0.36363636363636365,0,1.9724399494310998,0
17678,192,1,298.11,298.11,16,0,0,0.0,0.0,1,0.0,0
17679,14,1,1643.2,1643.2,26,0,1,0.0,1.0,1,1.0,1
17682,44,5,1899.3500000000001,379.87,39,253,1,62.75,0.4,0,2.0228352490421457,0
17685,17,6,2799.13,466.5216666666667,80,283,1,56.4,0.16666666666666666,0,0.8503953144005497,0
17686,9,6,5110.09,851.6816666666667,190,222,1,44.0,0.3333333333333333,0,1.3018504216349263,0
17690,30,11,3526.68,320.60727272727274,144,271,1,26.6,0.09090909090909091,0,0.2757665147045678,0
17691,287,2,290.40000000000003,145.2,18,10,0,10.0,0.0,0,0.0,0
17692,56,4,740.9399999999999,185.23499999999999,34,232,0,76.66666666666667,0.25,0,0.2587893206449907,0
17693,66,1,200.47,200.47,16,0,0,0.0,1.0,1,1.0,1
17694,70,1,283.12,283.12,15,0,0,0.0,1.0,1,1.0,1
17695,60,2,765.34,382.67,30,39,0,39.0,0.5,0,1.0,1
17696,37,7,1915.5900000000001,273.6557142857143,71,256,1,42.333333333333336,0.42857142857142855,0,2.1828932447756357,0
17697,165,1,338.95,338.95,19,0,0,0.0,0.0,1,1.0,1
17698,189,1,154.95,154.95,8,0,0,0.0,0.0,1,0.0,0
17700,23,3,1681.83,560.61,78,186,1,92.5,0.3333333333333333,0,0.9230845820680041,0
17701,181,1,417.95,417.95,24,0,0,0.0,0.0,1,1.0,1
17702,37,3,1338.77,446.25666666666666,46,97,1,48.0,0.3333333333333333,0,1.0,1
17703,38,2,490.96,245.48,32,29,1,29.0,1.0,0,1.0,1
17704,97,2,885.19,442.595,27,71,0,71.0,0.0,0,1.0,1
17705,3,7,1191.92,170.27428571428572,54,227,1,37.333333333333336,0.5714285714285714,0,3.3344786256492207,0
17706,29,12,8027.5,668.9583333333334,246,266,1,23.818181818181817,0.5833333333333334,0,7.69109523541655,0
17707,114,2,152.4,76.2,3,151,0,151.0,0.0,0,0.0,0
17708,116,2,267.08,133.54,28,137,0,137.0,0.0,0,0.0,0
17709,98,1,137.45,137.45,7,0,0,0.0,0.0,1,1.0,1
17711,218,1,220.53000000000003,220.53000000000003,13,0,1,0.0,0.0,1,0.0,0
17714,249,1,153.0,153.0,10,0,0,0.0,0.0,1,0.0,0
17715,129,1,326.4,326.4,1,0,0,0.0,0.0,1,1.0,1
17716,4,9,5002.31,555.8122222222223,164,192,1,23.75,0.6666666666666666,0,3.5695158236407893,0
17718,161,1,139.35,139.35,6,0,0,0.0,0.0,1,1.0,1
17719,4,14,5088.9,363.49285714285713,108,180,1,13.23076923076923,0.5714285714285714,0,4.839418450235414,0
17720,42,3,887.6,295.8666666666666,32,254,1,127.0,0.3333333333333333,0,3.482549019607843,0
17722,25,4,2424.04,606.01,111,270,0,89.66666666666667,0.25,0,0.1853428004450613,0
17723,56,6,3276.4000000000005,546.0666666666667,4,87,0,17.0,0.3333333333333333,0,1.0,1
17724,0,3,1033.0,344.3333333333333,38,67,0,33.5,1.0,0,1.0,1
17725,29,8,2507.12,313.39,94,166,1,23.142857142857142,0.375,0,2.7449883035740728,0
17728,15,1,345.03000000000003,345.03000000000003,20,0,1,0.0,1.0,1,1.0,1
17730,7,9,3547.33,394.1477777777778,99,247,1,30.625,0.3333333333333333,0,1.0687476097685344,0
17731,8,4,1240.11,310.02750000000003,54,104,0,34.333333333333336,0.5,0,1.0,1
17732,301,1,303.97,303.97,18,0,0,0.0,0.0,1,0.0,0
17733,190,1,216.95000000000002,216.95000000000002,12,0,1,0.0,0.0,1,0.0,0
17734,65,2,540.21,270.105,31,96,1,96.0,0.5,0,1.0,1
17735,22,16,11091.24,693.2025,270,274,1,17.666666666666668,0.3125,0,2.251136591386167,0
17736,42,1,307.49,307.49,23,0,1,0.0,1.0,1,1.0,1
17738,77,3,1571.49,523.83,72,133,1,66.5,0.6666666666666666,0,1.0149374294799465,0
17739,0,4,1612.93,403.2325,20,288,1,95.66666666666667,0.25,0,0.7942688876192149,0
17742,42,2,355.11,177.555,13,219,0,219.0,0.5,0,0.1736457679214727,0
17744,179,4,1288.96,322.24,50,107,1,35.666666666666664,0.0,0,0.0,0
17746,169,1,110.25,110.25,6,0,0,0.0,0.0,1,1.0,1
17747,41,1,71.4,71.4,1,0,0,0.0,1.0,1,1.0,1
17749,107,2,674.52,337.26,33,78,0,78.0,0.0,0,0.0,0
17750,11,6,1401.09,233.515,96,81,1,15.8,0.8333333333333334,0,1.0,1
17752,288,1,80.64,80.64,1,0,0,0.0,0.0,1,0.0,0
17754,71,2,575.06,287.53,38,118,1,118.0,0.5,0,1.176279140175598,0
17757,16,21,3481.64,165.79238095238094,193,284,1,13.65,0.19047619047619047,0,0.4664340312396146,0
17758,8,5,2122.23,424.446,220,170,1,42.25,0.4,0,1.0,1
17759,98,2,167.15,83.57499999999999,18,0,1,0.0,0.0,0,1.0,1
17760,302,1,172.54,172.54,9,0,1,0.0,0.0,1,0.0,0
17763,192,1,15.0,15.0,1,0,0,0.0,0.0,1,0.0,0
17764,140,1,261.97,261.97,17,0,1,0.0,0.0,1,1.0,1
17765,87,3,371.88,123.96,51,98,0,49.0,0.3333333333333333,0,0.9016907216494846,0
17768,95,1,411.33,411.33,22,0,1,0.0,0.0,1,1.0,1
17769,67,4,1828.73,457.1825,129,181,1,60.0,0.25,0,0.3615104661151046,0
17770,127,5,1143.27,228.654,33,83,0,20.5,0.0,0,0.0,0
17771,252,1,115.8,115.8,22,0,1,0.0,0.0,1,0.0,0
17774,25,4,1225.41,306.3525,123,208,0,69.0,0.5,0,2.8656757125323877,0
17775,183,1,56.4,56.4,3,0,0,0.0,0.0,1,1.0,1
17777,29,1,194.7,194.7,63,0,1,0.0,1.0,1,1.0,1
17779,16,2,489.51,244.755,62,55,1,55.0,1.0,0,1.0,1
17781,88,2,188.02,94.00999999999999,12,93,0,93.0,0.5,0,1.0,1
17783,1,2,283.47,141.735,67,175,0,175.0,0.5,0,1.0,1
17786,14,2,278.74,139.37,57,231,0,231.0,0.5,0,1.4269917283413147,0
17787,81,4,1865.19,466.2975,94,218,0,72.0,0.25,0,0.08683288951560744,0
17788,2,2,1117.9,558.95,3,55,0,55.0,1.0,0,1.0,1
17789,210,1,225.9,225.9,14,0,0,0.0,0.0,1,0.0,0
17790,49,12,1363.51,113.62583333333333,79,244,1,21.727272727272727,0.25,0,0.9034569574900745,0
17795,108,2,350.39,175.195,43,85,0,85.0,0.0,0,0.0,0
17796,242,3,622.0,207.33333333333334,60,56,1,27.5,0.0,0,0.0,0
17797,111,1,272.41,272.41,44,0,1,0.0,0.0,1,1.0,1
17799,28,9,2531.75,281.30555555555554,245,262,1,32.25,0.1111111111111111,0,0.30380173583071335,0
17800,20,7,916.6,130.94285714285715,41,242,1,40.0,0.5714285714285714,0,2.3435544430538173,0
17802,11,3,1285.04,428.34666666666664,102,290,0,144.5,0.3333333333333333,0,6.513173652694611,0
17805,2,1,512.31,512.31,10,0,0,0.0,1.0,1,1.0,1
17809,58,8,2856.71,357.08875,33,244,1,34.57142857142857,0.125,0,0.06231401407315895,0
17811,2,27,5228.36,193.64296296296294,257,259,1,9.423076923076923,0.2962962962962963,0,0.3289737219060174,0
17812,297,1,217.54999999999998,217.54999999999998,27,0,1,0.0,0.0,1,0.0,0
17813,0,1,306.61,306.61,57,0,1,0.0,1.0,1,1.0,1
17816,198,2,21.31,10.655000000000001,11,96,1,96.0,0.0,0,0.0,0
17817,206,2,269.7,134.85,12,0,1,0.0,0.0,0,0.0,0
17819,0,7,3704.87,529.2671428571429,36,299,0,49.333333333333336,0.14285714285714285,0,0.1287497549179792,0
17827,171,4,1583.81,395.9525,140,122,1,40.666666666666664,0.0,0,0.0,0
17828,38,3,1076.66,358.8866666666666,51,75,1,37.5,0.3333333333333333,0,1.0,1
17829,227,1,889.24,889.24,30,0,0,0.0,0.0,1,0.0,0
17830,190,2,287.65000000000003,143.825,15,27,1,27.0,0.0,0,0.0,0
17837,4,4,549.2,137.3,48,87,1,29.0,0.75,0,1.0,1
17838,18,4,2312.7,578.175,86,282,1,93.66666666666667,0.25,0,0.3703264798246133,0
17841,1,88,26051.72,296.04227272727275,1125,301,1,3.0,0.38636363636363635,0,1.7384436005361648,0
17843,232,1,205.48,205.48,36,0,0,0.0,0.0,1,0.0,0
17844,35,1,51.559999999999995,51.559999999999995,5,0,0,0.0,1.0,1,1.0,1
17846,14,1,2033.1,2033.1,1,0,0,0.0,1.0,1,1.0,1
17848,10,9,901.1999999999999,100.13333333333333,41,276,0,34.125,0.4444444444444444,0,1.7216118928521342,0
17849,147,4,605.8000000000001,151.45,14,115,0,38.0,0.0,0,0.0,0
17850,301,34,5391.21,158.565,21,1,0,0.0,0.0,0,0.0,0
17854,114,2,311.26,155.63,15,41,0,41.0,0.0,0,1.0,1
17855,301,1,208.97,208.97,17,0,0,0.0,0.0,1,0.0,0
17856,162,3,1142.63,380.8766666666666,6,48,1,23.5,0.0,0,0.0,0
17857,1,15,14839.52,989.3013333333333,15,292,1,20.357142857142858,0.26666666666666666,0,2.2916584676481637,0
17858,11,10,3922.39,392.239,71,287,1,31.444444444444443,0.3,0,0.3123101000076342,0
17859,233,1,148.21,148.21,23,0,0,0.0,0.0,1,0.0,0
17860,297,1,252.8,252.8,49,0,0,0.0,0.0,1,0.0,0
17861,65,5,1301.57,260.31399999999996,114,183,1,45.5,0.6,0,3.4879268998594224,0
17862,252,1,330.9,330.9,11,0,0,0.0,0.0,1,0.0,0
17863,9,5,2127.3,425.46000000000004,74,288,1,71.75,0.4,0,0.8480970023576961,0
17864,18,2,480.72,240.36,61,186,1,186.0,0.5,0,1.3066071685619691,0
17865,8,17,8515.08,500.8870588235294,172,284,1,17.5,0.5294117647058824,0,1.5575420304297016,0
17866,71,1,329.65,329.65,9,0,0,0.0,1.0,1,1.0,1
17867,72,4,957.48,239.37000000000003,8,145,1,48.0,0.5,0,10.0,0
17869,36,5,428.18,85.636,37,260,0,65.0,0.4,0,0.5469391564016425,0
17870,0,8,909.76,113.72,99,295,1,41.714285714285715,0.875,0,1.7872549019607844,0
17871,133,1,155.9,155.9,10,0,0,0.0,0.0,1,1.0,1
17873,9,5,1859.16,371.832,24,293,0,73.0,0.2,0,0.38811293567117977,0
17874,114,6,683.46,113.91000000000001,37,70,0,13.8,0.0,0,0.0,0
17877,99,1,237.61,237.61,12,0,0,0.0,0.0,1,1.0,1
17879,102,1,178.51999999999998,178.51999999999998,6,0,0,0.0,0.0,1,1.0,1
17880,293,1,458.92,458.92,26,0,0,0.0,0.0,1,0.0,0
17881,233,1,133.35000000000002,133.35000000000002,8,0,0,0.0,0.0,1,0.0,0
17883,15,2,197.8,98.9,39,159,1,159.0,0.5,0,1.0,1
17884,240,3,602.84,200.94666666666663,86,59,1,29.5,0.0,0,0.0,0
17886,139,2,396.26,198.13,44,38,1,38.0,0.0,0,1.0,1
17887,58,1,111.35,111.35,10,0,0,0.0,1.0,1,1.0,1
17888,8,5,365.65,73.13,38,278,1,69.0,0.4,0,1.5300908867600098,0
17889,141,2,203.87,101.935,20,109,0,109.0,0.0,0,0.0,0
17890,251,2,602.09,301.04499999999996,88,38,0,38.0,0.0,0,0.0,0
17891,91,1,203.85999999999999,203.85999999999999,34,0,0,0.0,1.0,1,1.0,1
17892,84,1,142.1,142.1,26,0,1,0.0,1.0,1,1.0,1
17893,154,1,112.25,112.25,15,0,0,0.0,0.0,1,1.0,1
17894,0,8,1119.81,139.97625,127,294,0,41.57142857142857,0.25,0,0.2903266693553033,0
17897,101,3,566.6,188.86666666666667,100,200,0,100.0,0.0,0,0.0,0
17898,14,2,152.06,76.03,27,121,0,121.0,0.5,0,1.0,1
17899,88,1,155.8,155.8,29,0,0,0.0,1.0,1,1.0,1
17900,119,2,112.19999999999999,56.099999999999994,4,0,0,0.0,0.0,0,1.0,1
17905,0,4,800.24,200.06,33,302,0,100.33333333333333,0.5,0,1.0302930356463276,0
17906,176,1,72.9,72.9,12,0,0,0.0,0.0,1,1.0,1
17908,302,1,243.28,243.28,51,0,0,0.0,0.0,1,0.0,0
17912,239,5,311.01,62.202,35,54,0,13.25,0.0,0,0.0,0
17913,284,1,218.05,218.05,31,0,1,0.0,0.0,1,0.0,0
17917,185,2,230.46,115.22999999999999,57,106,1,106.0,0.0,0,0.0,0
17919,17,1,1304.04,1304.04,23,0,0,0.0,1.0,1,1.0,1
17920,7,10,2633.82,263.38199999999995,251,295,1,32.111111111111114,0.5,0,1.183609448959543,0
17921,77,3,601.76,200.58666666666667,82,118,1,59.0,0.6666666666666666,0,1.1447767045657058,0
17923,211,1,207.50000000000003,207.50000000000003,1,0,0,0.0,0.0,1,0.0,0
17924,230,2,502.20000000000005,251.10000000000002,2,72,1,72.0,0.0,0,0.0,0
17925,301,1,244.08,244.08,1,0,0,0.0,0.0,1,0.0,0
17926,62,2,397.29,198.645,17,70,0,70.0,0.5,0,1.0,1
17928,175,1,78.25999999999999,78.25999999999999,17,0,1,0.0,0.0,1,1.0,1
17929,41,3,707.0,235.66666666666666,4,195,1,97.5,0.3333333333333333,0,1.3863404689092762,0
17930,0,3,990.6,330.2,20,167,1,83.5,0.6666666666666666,0,1.0,1
17931,63,2,408.36,204.18,63,121,0,121.0,0.5,0,0.3740242261103635,0
17932,102,2,934.51,467.255,63,37,1,37.0,0.0,0,1.0,1
17935,67,2,145.79,72.895,28,3,0,3.0,1.0,0,1.0,1
17937,43,5,3614.52,722.904,19,247,1,61.75,0.2,0,0.08626347866854196,0
17939,88,1,99.14,99.14,12,0,0,0.0,1.0,1,1.0,1
17940,37,9,3914.44,434.9377777777778,6,194,1,23.875,0.2222222222222222,0,0.1931729264475743,0
17941,59,1,304.56,304.56,2,0,0,0.0,1.0,1,1.0,1
17946,162,2,149.57999999999998,74.78999999999999,18,26,0,26.0,0.0,0,0.0,0
17948,76,1,358.56000000000006,358.56000000000006,1,0,0,0.0,1.0,1,1.0,1
17949,22,33,48209.2,1460.8848484848486,26,278,1,8.28125,0.5454545454545454,0,9.01975468663738,0
17950,1,3,482.2,160.73333333333332,63,293,0,146.0,0.3333333333333333,0,0.8322757153170955,0
17951,287,2,409.50000000000006,204.75,9,15,1,15.0,0.0,0,0.0,0
17954,52,10,1890.21,189.02100000000002,269,247,1,27.11111111111111,0.2,0,0.3903582856843099,0
17955,127,4,557.3,139.325,14,20,0,6.666666666666667,0.0,0,1.0,1
17956,178,1,12.75,12.75,1,0,0,0.0,0.0,1,1.0,1
17958,45,1,508.4599999999999,508.4599999999999,7,0,0,0.0,1.0,1,1.0,1
17960,100,1,73.78,73.78,26,0,0,0.0,0.0,1,1.0,1
17961,10,35,1266.64,36.18971428571428,207,290,1,8.029411764705882,0.2857142857142857,0,0.4415994076268048,0
17962,71,1,102.83,102.83,33,0,0,0.0,1.0,1,1.0,1
17964,301,1,261.76,261.76,35,0,1,0.0,0.0,1,0.0,0
17965,20,12,2271.04,189.25333333333333,238,277,1,24.727272727272727,0.4166666666666667,0,0.7556631098280077,0
17966,80,4,594.43,148.6075,52,109,1,36.333333333333336,0.5,0,2.115170068027211,0
17967,300,1,123.07,123.07,41,0,0,0.0,0.0,1,0.0,0
17968,302,1,277.35,277.35,74,0,0,0.0,0.0,1,0.0,0
17969,95,2,228.2,114.1,14,194,0,194.0,0.0,0,0.0,0
17970,140,1,582.59,582.59,27,0,0,0.0,0.0,1,1.0,1
17972,170,1,136.04,136.04,30,0,0,0.0,0.0,1,1.0,1
17974,148,1,172.77,172.77,18,0,1,0.0,0.0,1,1.0,1
17975,43,11,3956.0,359.6363636363636,170,251,1,24.6,0.36363636363636365,0,0.6290214638690645,0
17976,301,1,353.19,353.19,56,0,0,0.0,0.0,1,0.0,0
17978,294,1,300.91999999999996,300.91999999999996,12,0,0,0.0,0.0,1,0.0,0
17979,97,3,504.54,168.18,84,90,1,45.0,0.0,0,0.0,0
17980,94,3,811.45,270.48333333333335,23,193,0,96.0,0.0,0,0.0,0
17984,74,1,152.68,152.68,48,0,0,0.0,1.0,1,1.0,1
17987,114,1,198.57,198.57,13,0,0,0.0,0.0,1,1.0,1
17988,46,5,146.0,29.2,25,209,1,52.25,0.8,0,1.2464994614556086,0
17990,165,3,630.84,210.28,27,124,0,62.0,0.0,0,0.0,0
17991,154,2,93.35,46.675000000000004,4,0,0,0.0,0.0,0,1.0,1
17994,50,4,678.49,169.6225,63,169,0,56.0,0.25,0,0.36673249278444475,0
17995,210,1,76.1,76.1,2,0,0,0.0,0.0,1,0.0,0
17997,3,8,1970.6699999999998,246.33374999999998,133,89,0,12.142857142857142,0.875,0,1.0,1
17999,295,1,190.34,190.34,37,0,1,0.0,0.0,1,0.0,0
18001,15,1,252.23,252.23,41,0,1,0.0,1.0,1,1.0,1
18004,291,1,169.47,169.47,32,0,0,0.0,0.0,1,0.0,0
18008,2,8,2107.91,263.48875,22,244,0,34.714285714285715,0.125,0,0.047704032955068414,0
18009,164,1,257.34,257.34,31,0,0,0.0,0.0,1,1.0,1
18010,185,1,174.8,174.8,14,0,0,0.0,0.0,1,0.0,0
18011,302,1,102.78999999999999,102.78999999999999,28,0,0,0.0,0.0,1,0.0,0
18013,84,2,187.29,93.64500000000001,31,0,0,0.0,1.0,0,1.0,1
18016,3,4,1113.31,278.3275,85,289,1,96.0,0.25,0,1.9231716705157813,0
18017,10,3,523.0,174.33333333333334,1,229,0,114.5,0.3333333333333333,0,1.084848484848485,0
18018,37,2,122.14,61.07,29,91,0,91.0,0.5,0,1.0,1
18024,81,2,389.78,194.89,21,0,0,0.0,1.0,0,1.0,1
18027,27,1,115.31,115.31,21,0,0,0.0,1.0,1,1.0,1
18032,263,1,73.5,73.5,5,0,0,0.0,0.0,1,0.0,0
18036,34,2,254.54,127.27000000000001,54,140,1,140.0,0.5,0,1.0,1
18037,83,6,70.02,11.67,19,207,0,41.0,0.16666666666666666,0,0.23261694058154234,0
18040,174,1,239.0,239.0,12,0,1,0.0,0.0,1,1.0,1
18041,6,17,3218.3,189.31176470588235,228,294,1,17.9375,0.17647058823529413,0,0.2528440963375379,0
18043,135,2,451.81,225.90499999999997,87,160,1,160.0,0.0,0,0.0,0
18044,16,8,1537.5,192.1875,73,272,1,38.42857142857143,0.125,0,0.9916211376888111,0
18048,132,2,172.29000000000002,86.14500000000001,6,0,0,0.0,0.0,0,1.0,1
18050,288,1,74.4,74.4,5,0,0,0.0,0.0,1,0.0,0
18055,13,8,4905.87,613.23375,180,285,1,40.285714285714285,0.25,0,0.6446619298839197,0
18056,217,1,363.65,363.65,19,0,0,0.0,0.0,1,0.0,0
18061,36,8,1793.51,224.18875,18,258,1,36.285714285714285,0.25,0,0.5568619774142636,0
18062,102,3,720.52,240.17333333333332,23,164,0,81.5,0.0,0,0.0,0
18064,62,2,814.0,407.0,7,102,0,102.0,0.5,0,1.0,1
18065,15,11,1949.19,177.19909090909093,93,277,1,27.6,0.2727272727272727,0,0.7160055996266915,0
18066,4,1,318.0,318.0,10,0,0,0.0,1.0,1,1.0,1
18068,218,1,101.69999999999999,101.69999999999999,1,0,0,0.0,0.0,1,0.0,0
18069,17,4,1781.97,445.4925,293,239,1,79.33333333333333,0.25,0,2.6476516831284016,0
18071,186,2,453.0,226.5,23,108,0,108.0,0.0,0,0.0,0
18072,114,1,247.44,247.44,18,0,0,0.0,0.0,1,1.0,1
18073,43,12,3877.5200000000004,323.1266666666667,23,82,0,7.181818181818182,0.4166666666666667,0,1.0,1
18074,302,1,489.6,489.6,13,0,0,0.0,0.0,1,0.0,0
18075,35,8,1957.75,244.71875000000003,74,254,1,35.857142857142854,0.125,0,0.35849023184966067,0
18077,32,7,1670.94,238.7057142857143,82,263,1,43.5,0.2857142857142857,0,0.7838388665560959,0
18078,146,2,336.13,168.065,27,41,0,41.0,0.0,0,0.0,0
18079,55,2,2206.18,1103.09,59,111,1,111.0,0.5,0,1.0,1
18080,171,1,841.4999999999999,841.4999999999999,1,0,1,0.0,0.0,1,1.0,1
18081,41,2,208.05,104.025,7,21,1,21.0,1.0,0,1.0,1
18085,259,2,689.95,344.975,25,43,0,43.0,0.0,0,0.0,0
18086,203,1,101.34,101.34,7,0,0,0.0,0.0,1,0.0,0
18087,27,2,4055.7199999999993,2027.8599999999997,2,192,0,192.0,0.5,0,0.26625704045058884,0
18092,15,9,7155.5199999999995,795.0577777777778,24,278,1,34.375,0.2222222222222222,0,0.7987171576944834,0
18093,22,4,2106.52,526.63,31,209,0,69.33333333333333,0.5,0,0.8849953468394302,0
18094,10,7,3017.3,431.04285714285714,39,210,0,34.666666666666664,0.5714285714285714,0,2.457005864637819,0
18095,241,2,580.0500000000001,290.025,20,20,0,20.0,0.0,0,0.0,0
18097,55,5,2011.4,402.28000000000003,56,227,1,56.5,0.4,0,0.8442740192945616,0
18099,56,1,168.31,168.31,19,0,0,0.0,1.0,1,1.0,1
18101,72,1,110.23,110.23,13,0,1,0.0,1.0,1,1.0,1
18102,1,40,180159.41,4503.98525,88,294,1,7.333333333333333,0.5,0,1.624532210114929,0
18106,258,1,430.7,430.7,33,0,0,0.0,0.0,1,0.0,0
18108,183,1,271.0,271.0,17,0,0,0.0,0.0,1,1.0,1
18109,1,19,5162.49,271.71,115,297,1,15.944444444444445,0.3157894736842105,0,1.2858434340052234,0
18112,95,1,196.64,196.64,12,0,1,0.0,0.0,1,1.0,1
18113,297,1,76.32000000000001,76.32000000000001,1,0,0,0.0,0.0,1,0.0,0
18114,219,1,220.1,220.1,28,0,0,0.0,0.0,1,0.0,0
18116,163,7,1254.47,179.21,220,130,1,21.333333333333332,0.0,0,0.0,0
18118,6,20,4435.33,221.7665,379,292,1,14.789473684210526,0.15,0,0.2135128563613154,0
18119,296,1,181.12,181.12,29,0,0,0.0,0.0,1,0.0,0
18120,143,1,111.15,111.15,17,0,0,0.0,0.0,1,1.0,1
18121,78,2,673.1,336.55,28,5,0,5.0,1.0,0,1.0,1
18122,13,2,321.13,160.565,56,66,1,66.0,1.0,0,1.0,1
18125,130,3,945.14,315.0466666666667,146,114,1,56.5,0.0,0,0.0,0
18127,62,1,139.6,139.6,8,0,1,0.0,1.0,1,1.0,1
18129,172,1,112.55000000000001,112.55000000000001,13,0,0,0.0,0.0,1,1.0,1
18133,141,1,931.4999999999999,931.4999999999999,1,0,0,0.0,0.0,1,1.0,1
18135,9,2,233.47,116.73500000000001,10,110,1,110.0,0.5,0,1.0,1
18136,140,2,600.85,300.425,30,107,1,107.0,0.0,0,0.0,0
18138,224,1,152.65,152.65,8,0,0,0.0,0.0,1,0.0,0
18142,86,2,1019.52,509.76,9,58,0,58.0,0.5,0,1.0,1
18143,45,2,1000.16,500.08000000000004,59,25,0,25.0,1.0,0,1.0,1
18144,7,10,2341.75,234.175,24,295,1,32.111111111111114,0.3,0,0.7192339635546436,0
18145,16,3,2103.25,701.0833333333334,109,225,1,112.0,0.3333333333333333,0,1.7724996305479381,0
18146,69,2,160.35000000000002,80.17500000000001,10,79,0,79.0,0.5,0,1.0,1
18147,37,1,98.88,98.88,4,0,1,0.0,1.0,1,1.0,1
18149,144,2,549.68,274.84,9,58,1,58.0,0.0,0,0.0,0
18150,69,2,413.28,206.64,22,61,1,61.0,0.5,0,1.0,1
18151,63,2,653.35,326.675,38,155,0,155.0,0.5,0,1.0903855383138699,0
18155,4,3,371.62,123.87333333333333,19,216,0,108.0,0.3333333333333333,0,0.9221451768629861,0
18156,298,1,206.23000000000002,206.23000000000002,50,0,1,0.0,0.0,1,0.0,0
18158,17,1,343.8,343.8,24,0,1,0.0,1.0,1,1.0,1
18159,230,1,530.15,530.15,23,0,0,0.0,0.0,1,0.0,0
18160,129,1,318.55,318.55,19,0,1,0.0,0.0,1,1.0,1
18161,69,3,771.26,257.08666666666664,24,179,1,89.0,0.3333333333333333,0,0.7459954233409611,0
18165,106,1,302.46000000000004,302.46000000000004,10,0,0,0.0,0.0,1,1.0,1
18167,34,1,498.48,498.48,13,0,1,0.0,1.0,1,1.0,1
18168,105,6,1169.94,194.99,97,196,0,39.0,0.0,0,0.0,0
18170,41,2,655.51,327.755,27,105,1,105.0,0.5,0,1.0,1
18171,28,4,994.3100000000001,248.57750000000001,35,234,1,77.66666666666667,0.5,0,2.203035974215013,0
18172,7,14,6373.44,455.24571428571426,97,211,1,15.923076923076923,0.5,0,1.3411376985210122,0
18173,15,4,2106.84,526.71,23,187,0,62.0,0.25,0,0.4428926278295917,0
18176,287,1,476.35,476.35,30,0,0,0.0,0.0,1,0.0,0
18177,86,5,1037.82,207.56400000000002,43,98,1,24.0,0.2,0,1.9175983436853001,0
18178,57,4,1590.81,397.7025,80,235,0,78.0,0.25,0,0.7743039671898414,0
18179,181,4,1103.16,275.79,54,83,1,27.666666666666668,0.0,0,0.0,0
18180,9,4,1206.36,301.59,70,62,1,20.0,1.0,0,1.0,1
18183,156,2,632.07,316.035,36,47,0,47.0,0.0,0,0.0,0
18185,178,1,304.25,304.25,17,0,0,0.0,0.0,1,1.0,1
18188,6,2,1608.28,804.1400000000001,58,212,1,212.0,0.5,0,2.769995311767463,0
18189,6,2,1090.24,545.12,65,190,0,190.0,0.5,0,0.7220660243247512,0
18190,121,2,284.46000000000004,142.23000000000002,14,138,0,138.0,0.0,0,0.0,0
18191,190,1,207.79999999999998,207.79999999999998,7,0,0,0.0,0.0,1,0.0,0
18192,0,1,957.97,957.97,45,0,0,0.0,1.0,1,1.0,1
18193,94,1,243.76,243.76,16,0,0,0.0,0.0,1,1.0,1
18194,11,1,973.8399999999999,973.8399999999999,7,0,0,0.0,1.0,1,1.0,1
18196,24,2,689.13,344.565,131,195,0,195.0,0.5,0,0.5287501663782775,0
18198,0,15,4804.030000000001,320.2686666666667,78,264,1,18.428571428571427,0.2,0,0.8101360955446273,0
18200,35,1,163.8,163.8,29,0,0,0.0,1.0,1,1.0,1
18202,128,3,1396.99,465.66333333333336,55,111,0,55.5,0.0,0,0.0,0
18203,86,1,160.42000000000002,160.42000000000002,19,0,0,0.0,1.0,1,1.0,1
18204,0,3,1993.7,664.5666666666666,159,121,0,60.0,0.6666666666666666,0,1.0,1
18205,3,1,225.76,225.76,15,0,1,0.0,1.0,1,1.0,1
18210,196,1,142.4,142.4,5,0,1,0.0,0.0,1,0.0,0
18211,14,3,420.2,140.06666666666666,20,192,1,96.0,0.6666666666666666,0,2.0471356055112397,0
18212,255,1,248.42,248.42,30,0,0,0.0,0.0,1,0.0,0
18213,165,1,232.48000000000002,232.48000000000002,15,0,0,0.0,0.0,1,1.0,1
18215,18,1,299.34000000000003,299.34000000000003,13,0,0,0.0,1.0,1,1.0,1
18218,140,2,662.08,331.03999999999996,17,70,0,70.0,0.0,0,0.0,0
18219,78,8,1367.13,170.89125,49,219,1,31.142857142857142,0.125,0,0.3836942832958276,0
18220,155,1,305.28000000000003,305.28000000000003,2,0,0,0.0,0.0,1,1.0,1
18221,44,3,706.86,235.62,40,95,1,47.0,0.3333333333333333,0,1.0,1
18222,21,1,443.0,443.0,19,0,0,0.0,1.0,1,1.0,1
18223,25,11,4036.34,366.94,87,261,1,25.7,0.18181818181818182,0,0.5391559790785987,0
18224,192,1,158.95000000000002,158.95000000000002,10,0,0,0.0,0.0,1,0.0,0
18225,13,8,3918.96,489.87,111,280,1,39.42857142857143,0.375,0,2.082499121070259,0
18226,10,10,4735.55,473.555,116,256,1,28.0,0.4,0,2.525829538061158,0
18227,146,1,93.75,93.75,5,0,0,0.0,0.0,1,1.0,1
18228,8,1,420.39,420.39,20,0,1,0.0,1.0,1,1.0,1
18229,15,15,5539.06,369.2706666666666,58,286,1,19.785714285714285,0.3333333333333333,0,1.106394510753618,0
18230,23,5,2146.36,429.27200000000005,32,208,1,51.5,0.2,0,1.0823114323824277,0
18231,121,5,2083.27,416.654,106,96,0,23.75,0.0,0,0.0,0
18232,10,4,592.97,148.2425,31,115,0,38.333333333333336,0.5,0,1.0,1
18233,254,1,440.0,440.0,1,0,0,0.0,0.0,1,0.0,0
18235,0,3,1796.48,598.8266666666667,100,145,0,72.5,0.6666666666666666,0,1.0,1
18236,8,5,773.74,154.748,37,160,1,39.75,0.6,0,1.0,1
18237,20,3,725.55,241.85,37,42,1,20.5,1.0,0,1.0,1
18239,147,5,1561.6100000000001,312.322,80,153,0,37.75,0.0,0,0.0,0
18241,3,13,1643.92,126.45538461538462,53,143,1,11.583333333333334,0.7692307692307693,0,1.0,1
18242,1,4,2232.4900000000002,558.1225,72,141,0,46.666666666666664,0.5,0,1.0,1
18245,78,6,1672.81,278.8016666666667,103,205,1,40.8,0.3333333333333333,0,0.45535525710949043,0
18246,162,1,232.9,232.9,2,0,1,0.0,0.0,1,1.0,1
18248,51,2,804.02,402.01,39,63,0,63.0,0.5,0,1.0,1
18250,239,1,349.27,349.27,21,0,0,0.0,0.0,1,0.0,0
18251,16,1,4314.72,4314.72,16,0,0,0.0,1.0,1,1.0,1
18252,100,1,69.89999999999999,69.89999999999999,3,0,1,0.0,0.0,1,1.0,1
18255,18,1,103.3,103.3,6,0,0,0.0,1.0,1,1.0,1
18257,43,5,1562.8700000000001,312.57399999999996,66,181,1,44.75,0.2,0,1.7242166025288623,0
18259,14,2,1268.2,634.1000000000001,24,281,1,281.0,0.5,0,2.3701833643369645,0
18260,101,6,2643.2000000000003,440.53333333333336,86,185,0,36.6,0.0,0,0.0,0
18261,24,1,224.8,224.8,15,0,1,0.0,1.0,1,1.0,1
18262,69,1,149.48,149.48,13,0,0,0.0,1.0,1,1.0,1
18263,84,2,811.4,405.7,45,96,1,96.0,0.5,0,1.0,1
18265,1,2,801.51,400.755,44,85,0,85.0,1.0,0,1.0,1
18268,63,1,25.5,25.5,1,0,0,0.0,1.0,1,1.0,1
18269,295,1,168.6,168.6,7,0,0,0.0,0.0,1,0.0,0
18270,195,1,111.95,111.95,5,0,1,0.0,0.0,1,0.0,0
18272,42,4,2106.45,526.6125,76,133,1,43.666666666666664,0.5,0,1.0,1
18273,24,2,153.0,76.5,1,162,1,162.0,0.5,0,2.0,0
18278,2,1,173.9,173.9,9,0,0,0.0,1.0,1,1.0,1
18280,206,1,180.60000000000002,180.60000000000002,10,0,0,0.0,0.0,1,0.0,0
18281,109,1,80.82,80.82,7,0,0,0.0,0.0,1,1.0,1
18282,55,1,100.21000000000001,100.21000000000001,7,0,1,0.0,1.0,1,1.0,1
18283,24,10,1120.67,112.06700000000001,192,241,1,26.444444444444443,0.3,0,0.8747719408619062,0
18287,130,1,765.28,765.28,27,0,1,0.0,0.0,1,1.0,1
